{"info":{"qtNodos":156,"qtArestas":267},"nodes":{"labelTitle":["Short Name","Author Name","Category","Research","Area"],"valueTitle":["Year Last Pub","Qt Research","Qt Area","Qt Publications","Qt Conference Papers","Qt Reports","Qt Articles","Connected Comp.","Edge BetWeenness","Closeness Centrality","Betweenness Centrality","Degree"],"imageTitle":null,"dataNodes":[{"id":0,"idBD":0,"labels":["A. Monnin","Alexandre Monnin","Not Informed","Not Informed","Not Informed"],"values":[2004,0,0,3,2,0,1,5,5,0.1,0.1,5],"images":null},{"id":1,"idBD":1,"labels":["J. Moulierac","Joanna Moulierac","Not Informed","Not Informed","Not Informed"],"values":[2004,0,0,1,0,0,1,3,3,0.1,0.1,3],"images":null},{"id":2,"idBD":2,"labels":["A. Zubiolo","Alexis Zubiolo","Not Informed","Not Informed","Not Informed"],"values":[2004,0,0,1,1,0,0,2,2,0.1,0.1,2],"images":null},{"id":3,"idBD":3,"labels":["P. Collet","Philippe Collet","Not Informed","Not Informed","Not Informed"],"values":[2004,0,0,2,1,1,0,13,13,0.1,0.1,13],"images":null},{"id":4,"idBD":4,"labels":["P. Renevier-Gonin","Philippe Renevier-Gonin","Not Informed","Not Informed","Not Informed"],"values":[2004,0,0,3,2,0,1,16,16,0.1,0.1,16],"images":null},{"id":5,"idBD":5,"labels":["S. Villata","Serena Villata","Not Informed","Not Informed","Not Informed"],"values":[2004,0,0,1,1,0,0,5,5,0.1,0.1,5],"images":null},{"id":6,"idBD":6,"labels":["R. De Simone","Robert De Simone","Not Informed","Not Informed","Not Informed"],"values":[2004,0,0,1,0,1,0,3,3,0.1,0.1,3],"images":null},{"id":7,"idBD":7,"labels":["M. Blay-Fornarino","Mireille Blay-Fornarino","Not Informed","Not Informed","Not Informed"],"values":[2004,0,0,2,1,1,0,14,14,0.1,0.1,14],"images":null},{"id":8,"idBD":8,"labels":["F. Gandon","Fabien Gandon","Not Informed","Not Informed","Not Informed"],"values":[2004,0,0,2,1,0,1,12,12,0.1,0.1,12],"images":null},{"id":9,"idBD":9,"labels":["T. Hamel","Tarek Hamel","Not Informed","Not Informed","Not Informed"],"values":[2004,0,0,2,1,0,1,2,2,0.1,0.1,2],"images":null},{"id":10,"idBD":10,"labels":["P. Renevier","Philippe Renevier","Not Informed","Not Informed","Not Informed"],"values":[2004,0,0,2,1,0,1,6,6,0.1,0.1,6],"images":null},{"id":11,"idBD":11,"labels":["M. Ahizoune","Mehdi Ahizoune","Not Informed","Not Informed","Not Informed"],"values":[2004,0,0,0,0,0,0,2,2,0.1,0.1,2],"images":null},{"id":12,"idBD":12,"labels":["R. Boyer","Raphael Boyer","Not Informed","Not Informed","Not Informed"],"values":[2004,0,0,2,2,0,0,3,3,0.1,0.1,3],"images":null},{"id":13,"idBD":13,"labels":["M. Riveill","Michel Riveill","Not Informed","Not Informed","Not Informed"],"values":[2004,0,0,3,1,1,1,23,23,0.1,0.1,23],"images":null},{"id":14,"idBD":14,"labels":["C. Camillieri","Cécile Camillieri","Not Informed","Not Informed","Not Informed"],"values":[2004,0,0,1,1,0,0,5,5,0.1,0.1,5],"images":null},{"id":15,"idBD":15,"labels":["N. Le Thanh","Nhan Le Thanh","Not Informed","Not Informed","Not Informed"],"values":[2004,0,0,4,3,0,1,12,12,0.1,0.1,12],"images":null},{"id":16,"idBD":16,"labels":["A. Occello","Audrey Occello","Not Informed","Not Informed","Not Informed"],"values":[2004,0,0,2,1,0,1,6,6,0.1,0.1,6],"images":null},{"id":17,"idBD":17,"labels":["A. Hallili","Amine Hallili","Not Informed","Not Informed","Not Informed"],"values":[2004,0,0,1,1,0,0,4,4,0.1,0.1,4],"images":null},{"id":18,"idBD":18,"labels":["S. Resondry","Stassia Resondry","Not Informed","Not Informed","Not Informed"],"values":[2004,0,0,1,1,0,0,4,4,0.1,0.1,4],"images":null},{"id":19,"idBD":19,"labels":["S. Ben Hadj","Saima Ben Hadj","Not Informed","Not Informed","Not Informed"],"values":[2004,0,0,1,0,0,1,1,1,0.1,0.1,1],"images":null},{"id":20,"idBD":20,"labels":["C. Faron Zucker","Catherine Faron Zucker","Not Informed","Not Informed","Not Informed"],"values":[2004,0,0,5,1,3,1,25,25,0.1,0.1,25],"images":null},{"id":21,"idBD":21,"labels":["Y. Bertrand","Yoann Bertrand","Not Informed","Not Informed","Not Informed"],"values":[2004,0,0,3,2,1,0,5,5,0.1,0.1,5],"images":null},{"id":22,"idBD":22,"labels":["D. Lingrand","Diane Lingrand","Not Informed","Not Informed","Not Informed"],"values":[2004,0,0,1,1,0,0,2,2,0.1,0.1,2],"images":null},{"id":23,"idBD":23,"labels":["T. Pisokas","Theophilos Pisokas","Not Informed","Not Informed","Not Informed"],"values":[2004,0,0,1,0,0,1,2,2,0.1,0.1,2],"images":null},{"id":24,"idBD":24,"labels":["I. Logre","Ivan Logre","Not Informed","Not Informed","Not Informed"],"values":[2004,0,0,2,2,0,0,4,4,0.1,0.1,4],"images":null},{"id":25,"idBD":25,"labels":["S. Urli","Simon Urli","Not Informed","Not Informed","Not Informed"],"values":[2004,0,0,2,1,1,0,7,7,0.1,0.1,7],"images":null},{"id":26,"idBD":26,"labels":["M. Collard","Martine Collard","Not Informed","Not Informed","Not Informed"],"values":[2004,0,0,1,0,0,1,4,4,0.1,0.1,4],"images":null},{"id":27,"idBD":27,"labels":["A. Giboin","Alain Giboin","Not Informed","Not Informed","Not Informed"],"values":[2004,0,0,1,1,0,0,5,5,0.1,0.1,5],"images":null},{"id":28,"idBD":28,"labels":["R. Gazzotti","Raphaël Gazzotti","Not Informed","Not Informed","Not Informed"],"values":[2004,0,0,1,1,0,0,2,2,0.1,0.1,2],"images":null},{"id":29,"idBD":29,"labels":["C. Cecchinel","Cyril Cecchinel","Not Informed","Not Informed","Not Informed"],"values":[2004,0,0,3,3,0,0,4,4,0.1,0.1,4],"images":null},{"id":30,"idBD":30,"labels":["C. da Costa Pereira","Célia Da Costa Pereira","Not Informed","Not Informed","Not Informed"],"values":[2004,0,0,2,1,1,0,5,5,0.1,0.1,5],"images":null},{"id":31,"idBD":31,"labels":["F. Mallet","Frédéric Mallet","Not Informed","Not Informed","Not Informed"],"values":[2004,0,0,4,2,1,1,8,8,0.1,0.1,8],"images":null},{"id":32,"idBD":32,"labels":["A. Pinna-Déry","Anne-Marie Pinna-Déry","Not Informed","Not Informed","Not Informed"],"values":[2004,0,0,2,1,0,1,7,7,0.1,0.1,7],"images":null},{"id":33,"idBD":33,"labels":["E. De Maria","Elisabetta De Maria","Not Informed","Not Informed","Not Informed"],"values":[2004,0,0,1,1,0,0,1,1,0.1,0.1,1],"images":null},{"id":34,"idBD":34,"labels":["H. Collavizza","Hélène Collavizza","Not Informed","Not Informed","Not Informed"],"values":[2004,0,0,0,0,0,0,1,1,0.1,0.1,1],"images":null},{"id":35,"idBD":35,"labels":["L. Henrio","Ludovic Henrio","Not Informed","Not Informed","Not Informed"],"values":[2004,0,0,3,1,1,1,4,4,0.1,0.1,4],"images":null},{"id":36,"idBD":36,"labels":["C. Faron","Catherine Faron","Not Informed","Not Informed","Not Informed"],"values":[2004,0,0,1,0,0,1,2,2,0.1,0.1,2],"images":null},{"id":37,"idBD":37,"labels":["J. Deantoni","Julien Deantoni","Not Informed","Not Informed","Not Informed"],"values":[2004,0,0,5,3,1,1,6,6,0.1,0.1,6],"images":null},{"id":38,"idBD":38,"labels":["E. Formenti","Enrico Formenti","Not Informed","Not Informed","Not Informed"],"values":[2004,0,0,7,5,0,2,6,6,0.1,0.1,6],"images":null},{"id":39,"idBD":39,"labels":["A. Malapert","Arnaud Malapert","Not Informed","Not Informed","Not Informed"],"values":[2004,0,0,2,1,0,1,2,2,0.1,0.1,2],"images":null},{"id":40,"idBD":40,"labels":["J. Millo","Jean-Vivien Millo","Not Informed","Not Informed","Not Informed"],"values":[2004,0,0,2,1,0,1,4,4,0.1,0.1,4],"images":null},{"id":41,"idBD":41,"labels":["P. Leca","Pierre Leca","Not Informed","Not Informed","Not Informed"],"values":[2004,0,0,1,1,0,0,1,1,0.1,0.1,1],"images":null},{"id":42,"idBD":42,"labels":["M. Da Costa","Macha Da Costa","Not Informed","Not Informed","Not Informed"],"values":[2004,0,0,1,1,0,0,4,4,0.1,0.1,4],"images":null},{"id":43,"idBD":43,"labels":["M. Buffa","Michel Buffa","Not Informed","Not Informed","Not Informed"],"values":[2004,0,0,1,0,0,1,7,7,0.1,0.1,7],"images":null},{"id":44,"idBD":44,"labels":["A. Dery-Pinna","Anne-Marie Dery-Pinna","Not Informed","Not Informed","Not Informed"],"values":[2004,0,0,2,1,0,1,7,7,0.1,0.1,7],"images":null},{"id":45,"idBD":45,"labels":["K. Boudaoud","Karima Boudaoud","Not Informed","Not Informed","Not Informed"],"values":[2004,0,0,2,1,1,0,5,5,0.1,0.1,5],"images":null},{"id":46,"idBD":46,"labels":["O. Corby","Olivier Corby","Not Informed","Not Informed","Not Informed"],"values":[2004,0,0,5,3,1,1,8,8,0.1,0.1,8],"images":null},{"id":47,"idBD":47,"labels":["M. Dhouib","Molka Tounsi Dhouib","Not Informed","Not Informed","Not Informed"],"values":[2004,0,0,2,1,0,1,2,2,0.1,0.1,2],"images":null},{"id":48,"idBD":48,"labels":["F. Giroire","F. Giroire","Not Informed","Not Informed","Not Informed"],"values":[2004,0,0,1,0,0,1,3,3,0.1,0.1,3],"images":null},{"id":49,"idBD":49,"labels":["R. Martinez","Ricardo Martinez","Not Informed","Not Informed","Not Informed"],"values":[2004,0,0,3,2,0,1,2,2,0.1,0.1,2],"images":null},{"id":50,"idBD":50,"labels":["T. Le Pham","Thi Anh Le Pham","Not Informed","Not Informed","Not Informed"],"values":[2004,0,0,1,0,0,1,2,2,0.1,0.1,2],"images":null},{"id":51,"idBD":51,"labels":["J. Lebrun","Jerome Lebrun","Not Informed","Not Informed","Not Informed"],"values":[2004,0,0,1,1,0,0,2,2,0.1,0.1,2],"images":null},{"id":52,"idBD":52,"labels":["A. Dery","Anne-Marie Dery","Not Informed","Not Informed","Not Informed"],"values":[2004,0,0,0,0,0,0,2,2,0.1,0.1,2],"images":null},{"id":53,"idBD":53,"labels":["J. Montagnat","Johan Montagnat","Not Informed","Not Informed","Not Informed"],"values":[2004,0,0,3,1,2,0,5,5,0.1,0.1,5],"images":null},{"id":54,"idBD":54,"labels":["A. Comport","Andrew I. Comport","Not Informed","Not Informed","Not Informed"],"values":[2004,0,0,1,1,0,0,2,2,0.1,0.1,2],"images":null},{"id":55,"idBD":55,"labels":["M. Weiss","Michael Weiss","Not Informed","Not Informed","Not Informed"],"values":[2004,0,0,1,0,0,1,1,1,0.1,0.1,1],"images":null},{"id":56,"idBD":56,"labels":["N. Gaspar","Nuno Gaspar","Not Informed","Not Informed","Not Informed"],"values":[2004,0,0,1,1,0,0,2,2,0.1,0.1,2],"images":null},{"id":57,"idBD":57,"labels":["C. Samson","Claude Samson","Not Informed","Not Informed","Not Informed"],"values":[2004,0,0,2,1,0,1,1,1,0.1,0.1,1],"images":null},{"id":58,"idBD":58,"labels":["A. Tettamanzi","Andrea G. B. Tettamanzi","Not Informed","Not Informed","Not Informed"],"values":[2004,0,0,1,1,0,0,4,4,0.1,0.1,4],"images":null},{"id":59,"idBD":59,"labels":["R. Boyer","Raphaël Boyer","Not Informed","Not Informed","Not Informed"],"values":[2004,0,0,1,0,0,1,2,2,0.1,0.1,2],"images":null},{"id":60,"idBD":60,"labels":["F. Precioso","Frédéric Precioso","Not Informed","Not Informed","Not Informed"],"values":[2004,0,0,1,1,0,0,9,9,0.1,0.1,9],"images":null},{"id":61,"idBD":61,"labels":["H. Takagi","Hideyuki Takagi","Not Informed","Not Informed","Not Informed"],"values":[2004,0,0,1,1,0,0,1,1,0.1,0.1,1],"images":null},{"id":62,"idBD":62,"labels":["M. Rezgui","Mohamed Rezgui","Not Informed","Not Informed","Not Informed"],"values":[2004,0,0,3,2,0,1,2,2,0.1,0.1,2],"images":null},{"id":63,"idBD":63,"labels":["L. Pronzato","Luc Pronzato","Not Informed","Not Informed","Not Informed"],"values":[2004,0,0,0,0,0,0,1,1,0.1,0.1,1],"images":null},{"id":64,"idBD":64,"labels":["N. Ferry","Nicolas Ferry","Not Informed","Not Informed","Not Informed"],"values":[2004,0,0,1,1,0,0,3,3,0.1,0.1,3],"images":null},{"id":65,"idBD":65,"labels":["H. Zitoun","Heytem Zitoun","Not Informed","Not Informed","Not Informed"],"values":[2004,0,0,1,1,0,0,5,5,0.1,0.1,5],"images":null},{"id":66,"idBD":66,"labels":["M. Bouzian","Mohamed Bouzian","Not Informed","Not Informed","Not Informed"],"values":[2004,0,0,1,1,0,0,1,1,0.1,0.1,1],"images":null},{"id":67,"idBD":67,"labels":["M. Jimenez","Matthieu Jimenez","Not Informed","Not Informed","Not Informed"],"values":[2004,0,0,1,1,0,0,3,3,0.1,0.1,3],"images":null},{"id":68,"idBD":68,"labels":["C. Dartigues-Pallez","Christel Dartigues-Pallez","Not Informed","Not Informed","Not Informed"],"values":[2004,0,0,1,1,0,0,3,3,0.1,0.1,3],"images":null},{"id":69,"idBD":69,"labels":["N. Pasquier","Nicolas Pasquier","Not Informed","Not Informed","Not Informed"],"values":[2004,0,0,2,1,0,1,4,4,0.1,0.1,4],"images":null},{"id":70,"idBD":70,"labels":["A. Déry-Pinna","Anne-Marie Déry-Pinna","Not Informed","Not Informed","Not Informed"],"values":[2004,0,0,1,1,0,0,2,2,0.1,0.1,2],"images":null},{"id":71,"idBD":71,"labels":["L. Djimenou","Loïc Djimenou","Not Informed","Not Informed","Not Informed"],"values":[2004,0,0,1,0,1,0,3,3,0.1,0.1,3],"images":null},{"id":72,"idBD":72,"labels":["A. Edouard","Amosse Edouard","Not Informed","Not Informed","Not Informed"],"values":[2004,0,0,3,2,0,1,2,2,0.1,0.1,2],"images":null},{"id":73,"idBD":73,"labels":["G. Fici","Gabriele Fici","Not Informed","Not Informed","Not Informed"],"values":[2004,0,0,2,0,0,2,1,1,0.1,0.1,1],"images":null},{"id":74,"idBD":74,"labels":["A. Yurchyshyna","Anastasiya Yurchyshyna","Not Informed","Not Informed","Not Informed"],"values":[2004,0,0,0,0,0,0,2,2,0.1,0.1,2],"images":null},{"id":75,"idBD":75,"labels":["H. Aouzal","Hatim Aouzal","Not Informed","Not Informed","Not Informed"],"values":[2004,0,0,0,0,0,0,3,3,0.1,0.1,3],"images":null},{"id":76,"idBD":76,"labels":["E. Cabrio","Elena Cabrio","Not Informed","Not Informed","Not Informed"],"values":[2004,0,0,2,1,0,1,9,9,0.1,0.1,9],"images":null},{"id":77,"idBD":77,"labels":["L. Deneire","Luc Deneire","Not Informed","Not Informed","Not Informed"],"values":[2004,0,0,1,1,0,0,3,3,0.1,0.1,3],"images":null},{"id":78,"idBD":78,"labels":["A. Macina","Abdoul Macina","Not Informed","Not Informed","Not Informed"],"values":[2004,0,0,1,1,0,0,2,2,0.1,0.1,2],"images":null},{"id":79,"idBD":79,"labels":["F. Michel","Franck Michel","Not Informed","Not Informed","Not Informed"],"values":[2004,0,0,4,2,2,0,3,3,0.1,0.1,3],"images":null},{"id":80,"idBD":80,"labels":["G. Fokou Pelap","Géraud Fokou Pelap","Not Informed","Not Informed","Not Informed"],"values":[2004,0,0,1,1,0,0,2,2,0.1,0.1,2],"images":null},{"id":81,"idBD":81,"labels":["V. VU","Viet-Hoang Vu","Not Informed","Not Informed","Not Informed"],"values":[2004,0,0,0,0,0,0,2,2,0.1,0.1,2],"images":null},{"id":82,"idBD":82,"labels":["P. Sander","Peter Sander","Not Informed","Not Informed","Not Informed"],"values":[2004,0,0,1,0,0,1,5,5,0.1,0.1,5],"images":null},{"id":83,"idBD":83,"labels":["N. Huin","N. Huin","Not Informed","Not Informed","Not Informed"],"values":[2004,0,0,2,0,0,2,4,4,0.1,0.1,4],"images":null},{"id":84,"idBD":84,"labels":["I. Tayari-Meftah","Imen Tayari-Meftah","Not Informed","Not Informed","Not Informed"],"values":[2004,0,0,3,3,0,0,1,1,0.1,0.1,1],"images":null},{"id":85,"idBD":85,"labels":["O. Rodríguez Rocha","Oscar Rodríguez Rocha","Not Informed","Not Informed","Not Informed"],"values":[2004,0,0,1,1,0,0,2,2,0.1,0.1,2],"images":null},{"id":86,"idBD":86,"labels":["S. Mosser","Sébastien Mosser","Not Informed","Not Informed","Not Informed"],"values":[2004,0,0,5,5,0,0,6,6,0.1,0.1,6],"images":null},{"id":87,"idBD":87,"labels":["T. Bergeron","Thierry Bergeron","Not Informed","Not Informed","Not Informed"],"values":[2004,0,0,0,0,0,0,3,3,0.1,0.1,3],"images":null},{"id":88,"idBD":88,"labels":["G. Rey","Gaëtan Rey","Not Informed","Not Informed","Not Informed"],"values":[2004,0,0,0,0,0,0,2,2,0.1,0.1,2],"images":null},{"id":89,"idBD":89,"labels":["D. Pallez","Denis Pallez","Not Informed","Not Informed","Not Informed"],"values":[2004,0,0,1,1,0,0,3,3,0.1,0.1,3],"images":null},{"id":90,"idBD":90,"labels":["P. Aboulker","Pierre Aboulker","Not Informed","Not Informed","Not Informed"],"values":[2004,0,0,0,0,0,0,1,1,0.1,0.1,1],"images":null},{"id":91,"idBD":91,"labels":["A. Aly Halim","A. Aly Halim","Not Informed","Not Informed","Not Informed"],"values":[2004,0,0,1,1,0,0,3,3,0.1,0.1,3],"images":null},{"id":92,"idBD":92,"labels":["S. Lopez","Stéphanie Lopez","Not Informed","Not Informed","Not Informed"],"values":[2004,0,0,1,1,0,0,2,2,0.1,0.1,2],"images":null},{"id":93,"idBD":93,"labels":["A. Tettamanzi","Andrea Tettamanzi","Not Informed","Not Informed","Not Informed"],"values":[2004,0,0,1,1,0,0,2,2,0.1,0.1,2],"images":null},{"id":94,"idBD":94,"labels":["A. Tettamanzi","Andrea G.B. Tettamanzi","Not Informed","Not Informed","Not Informed"],"values":[2004,0,0,1,1,0,0,2,2,0.1,0.1,2],"images":null},{"id":95,"idBD":95,"labels":["L. Brisson","Laurent Brisson","Not Informed","Not Informed","Not Informed"],"values":[2004,0,0,1,0,0,1,2,2,0.1,0.1,2],"images":null},{"id":96,"idBD":96,"labels":["L. Beze","Lea El Beze","Not Informed","Not Informed","Not Informed"],"values":[2004,0,0,1,0,0,1,1,1,0.1,0.1,1],"images":null},{"id":97,"idBD":97,"labels":["F. Chastel","François Chastel","Not Informed","Not Informed","Not Informed"],"values":[2004,0,0,1,0,1,0,3,3,0.1,0.1,3],"images":null},{"id":98,"idBD":98,"labels":["N. Le-Thanh","Nhan Le-Thanh","Not Informed","Not Informed","Not Informed"],"values":[2004,0,0,1,1,0,0,2,2,0.1,0.1,2],"images":null},{"id":99,"idBD":99,"labels":["A. Mehmood Khan","Aamir Mehmood Khan","Not Informed","Not Informed","Not Informed"],"values":[2004,0,0,1,0,1,0,3,3,0.1,0.1,3],"images":null},{"id":100,"idBD":100,"labels":["J. Rochas","Justine Rochas","Not Informed","Not Informed","Not Informed"],"values":[2004,0,0,2,0,1,1,2,2,0.1,0.1,2],"images":null},{"id":101,"idBD":101,"labels":["C. André","Charles André","Not Informed","Not Informed","Not Informed"],"values":[2004,0,0,1,0,1,0,4,4,0.1,0.1,4],"images":null},{"id":102,"idBD":102,"labels":["J. Cancela-Vaz","Joël Cancela-Vaz","Not Informed","Not Informed","Not Informed"],"values":[2004,0,0,1,1,0,0,5,5,0.1,0.1,5],"images":null},{"id":103,"idBD":103,"labels":["M. Vara Larsen","Matias Ezequiel Vara Larsen","Not Informed","Not Informed","Not Informed"],"values":[2004,0,0,2,2,0,0,2,2,0.1,0.1,2],"images":null},{"id":104,"idBD":104,"labels":["E. Kofman","Emilien Kofman","Not Informed","Not Informed","Not Informed"],"values":[2004,0,0,1,1,0,0,1,1,0.1,0.1,1],"images":null},{"id":105,"idBD":105,"labels":["J. Moulierac","J. Moulierac","Not Informed","Not Informed","Not Informed"],"values":[2004,0,0,1,0,0,1,3,3,0.1,0.1,3],"images":null},{"id":106,"idBD":106,"labels":["B. Lagadec","Benoit Lagadec","Not Informed","Not Informed","Not Informed"],"values":[2004,0,0,1,1,0,0,1,1,0.1,0.1,1],"images":null},{"id":107,"idBD":107,"labels":["C. Brel","Christian Brel","Not Informed","Not Informed","Not Informed"],"values":[2004,0,0,1,1,0,0,9,9,0.1,0.1,9],"images":null},{"id":108,"idBD":108,"labels":["J. Fédou","Jean-Marc Fédou","Not Informed","Not Informed","Not Informed"],"values":[2004,0,0,2,0,0,2,1,1,0.1,0.1,1],"images":null},{"id":109,"idBD":109,"labels":["G. Perez","Guillaume Perez","Not Informed","Not Informed","Not Informed"],"values":[2004,0,0,1,1,0,0,5,5,0.1,0.1,5],"images":null},{"id":110,"idBD":110,"labels":["C. Glitia","Calin Glitia","Not Informed","Not Informed","Not Informed"],"values":[2004,0,0,1,0,0,1,3,3,0.1,0.1,3],"images":null},{"id":111,"idBD":111,"labels":["J. Régin","Jean-Charles Régin","Not Informed","Not Informed","Not Informed"],"values":[2004,0,0,2,1,0,1,2,2,0.1,0.1,2],"images":null},{"id":112,"idBD":112,"labels":["K. Mondal","Kartick Chandra Mondal","Not Informed","Not Informed","Not Informed"],"values":[2004,0,0,1,1,0,0,1,1,0.1,0.1,1],"images":null},{"id":113,"idBD":113,"labels":["M. Rueher","Michel Rueher","Not Informed","Not Informed","Not Informed"],"values":[2004,0,0,1,1,0,0,2,2,0.1,0.1,2],"images":null},{"id":114,"idBD":114,"labels":["M. Hesse","Matthias Hesse","Not Informed","Not Informed","Not Informed"],"values":[2004,0,0,1,1,0,0,2,2,0.1,0.1,2],"images":null},{"id":115,"idBD":115,"labels":["L. Sassatelli","Lucile Sassatelli","Not Informed","Not Informed","Not Informed"],"values":[2004,0,0,1,1,0,0,1,1,0.1,0.1,1],"images":null},{"id":116,"idBD":116,"labels":["N. Thanh","Nhan Thanh","Not Informed","Not Informed","Not Informed"],"values":[2004,0,0,1,1,0,0,1,1,0.1,0.1,1],"images":null},{"id":117,"idBD":117,"labels":["E. Madelaine","Eric Madelaine","Not Informed","Not Informed","Not Informed"],"values":[2004,0,0,2,2,0,0,2,2,0.1,0.1,2],"images":null},{"id":118,"idBD":118,"labels":["X. Descombes","Xavier Descombes","Not Informed","Not Informed","Not Informed"],"values":[2004,0,0,2,1,0,1,3,3,0.1,0.1,3],"images":null},{"id":119,"idBD":119,"labels":["M. Tounsi","Molka Tounsi","Not Informed","Not Informed","Not Informed"],"values":[2004,0,0,1,1,0,0,3,3,0.1,0.1,3],"images":null},{"id":120,"idBD":120,"labels":["C. Darme","Cécile Darme","Not Informed","Not Informed","Not Informed"],"values":[2004,0,0,1,1,0,0,1,1,0.1,0.1,1],"images":null},{"id":121,"idBD":121,"labels":["L. Manzoni","Luca Manzoni","Not Informed","Not Informed","Not Informed"],"values":[2004,0,0,9,5,0,4,1,1,0.1,0.1,1],"images":null},{"id":122,"idBD":122,"labels":["Z. Meng","Zide Meng","Not Informed","Not Informed","Not Informed"],"values":[2004,0,0,1,0,0,1,2,2,0.1,0.1,2],"images":null},{"id":123,"idBD":123,"labels":["C. Joffroy","Cédric Joffroy","Not Informed","Not Informed","Not Informed"],"values":[2004,0,0,1,0,0,1,4,4,0.1,0.1,4],"images":null},{"id":124,"idBD":124,"labels":["K. Masmoudi","Khaled Masmoudi","Not Informed","Not Informed","Not Informed"],"values":[2004,0,0,1,1,0,0,1,1,0.1,0.1,1],"images":null},{"id":125,"idBD":125,"labels":["M. Antonini","Marc Antonini","Not Informed","Not Informed","Not Informed"],"values":[2004,0,0,1,1,0,0,1,1,0.1,0.1,1],"images":null},{"id":126,"idBD":126,"labels":["T. Do","The-Can Do","Not Informed","Not Informed","Not Informed"],"values":[2004,0,0,1,0,0,1,1,1,0.1,0.1,1],"images":null},{"id":127,"idBD":127,"labels":["E. Debreuve","Eric Debreuve","Not Informed","Not Informed","Not Informed"],"values":[2004,0,0,1,1,0,0,2,2,0.1,0.1,2],"images":null},{"id":128,"idBD":128,"labels":["T. Nguyen","Thi-Dieu-Thu Nguyen","Not Informed","Not Informed","Not Informed"],"values":[2004,0,0,0,0,0,0,1,1,0.1,0.1,1],"images":null},{"id":129,"idBD":129,"labels":["B. Masson","Benoît Masson","Not Informed","Not Informed","Not Informed"],"values":[2004,0,0,1,0,0,1,2,2,0.1,0.1,2],"images":null},{"id":130,"idBD":130,"labels":["L. Parisi","Luca Parisi","Not Informed","Not Informed","Not Informed"],"values":[2004,0,0,1,1,0,0,5,5,0.1,0.1,5],"images":null},{"id":131,"idBD":131,"labels":["X. Tërnava","Xhevahire Tërnava","Not Informed","Not Informed","Not Informed"],"values":[2004,0,0,1,1,0,0,1,1,0.1,0.1,1],"images":null},{"id":132,"idBD":132,"labels":["C. Michel","Claude Michel","Not Informed","Not Informed","Not Informed"],"values":[2004,0,0,1,1,0,0,1,1,0.1,0.1,1],"images":null},{"id":133,"idBD":133,"labels":["A. Bouchahda-Ben Tekaya","Ahlem Bouchahda-Ben Tekaya","Not Informed","Not Informed","Not Informed"],"values":[2004,0,0,1,1,0,0,1,1,0.1,0.1,1],"images":null},{"id":134,"idBD":134,"labels":["J. Farré","Jacques Farré","Not Informed","Not Informed","Not Informed"],"values":[2004,0,0,2,1,0,1,2,2,0.1,0.1,2],"images":null},{"id":135,"idBD":135,"labels":["F. Havet","Frédéric Havet","Not Informed","Not Informed","Not Informed"],"values":[2004,0,0,1,1,0,0,2,2,0.1,0.1,2],"images":null},{"id":136,"idBD":136,"labels":["K. Tourki","Kamel Tourki","Not Informed","Not Informed","Not Informed"],"values":[2004,0,0,3,3,0,0,1,1,0.1,0.1,1],"images":null},{"id":137,"idBD":137,"labels":["M. Kamel","Michel Kamel","Not Informed","Not Informed","Not Informed"],"values":[2004,0,0,1,1,0,0,4,4,0.1,0.1,4],"images":null},{"id":138,"idBD":138,"labels":["W. Lochet","William Lochet","Not Informed","Not Informed","Not Informed"],"values":[2004,0,0,1,1,0,0,1,1,0.1,0.1,1],"images":null},{"id":139,"idBD":139,"labels":["T. Pham","Thi-Anh-Le Pham","Not Informed","Not Informed","Not Informed"],"values":[2004,0,0,0,0,0,0,2,2,0.1,0.1,2],"images":null},{"id":140,"idBD":140,"labels":["N. Huin","Nicolas Huin","Not Informed","Not Informed","Not Informed"],"values":[2004,0,0,1,1,0,0,1,1,0.1,0.1,1],"images":null},{"id":141,"idBD":141,"labels":["H. Chang","Hervé Chang","Not Informed","Not Informed","Not Informed"],"values":[2004,0,0,1,0,1,0,1,1,0.1,0.1,1],"images":null},{"id":142,"idBD":142,"labels":["V. Basile","Valerio Basile","Not Informed","Not Informed","Not Informed"],"values":[2004,0,0,2,2,0,0,1,1,0.1,0.1,1],"images":null},{"id":143,"idBD":143,"labels":["B. Gauthier","Bertrand Gauthier","Not Informed","Not Informed","Not Informed"],"values":[2004,0,0,0,0,0,0,1,1,0.1,0.1,1],"images":null},{"id":144,"idBD":144,"labels":["T. Van Trang","Tran Van Trang","Not Informed","Not Informed","Not Informed"],"values":[2004,0,0,0,0,0,0,1,1,0.1,0.1,1],"images":null},{"id":145,"idBD":145,"labels":["T. Nguyen","Thi Hoa Hue Nguyen","Not Informed","Not Informed","Not Informed"],"values":[2004,0,0,0,0,0,0,1,1,0.1,0.1,1],"images":null},{"id":146,"idBD":146,"labels":["F. Guingne","Franck Guingne","Not Informed","Not Informed","Not Informed"],"values":[2004,0,0,1,0,0,1,1,1,0.1,0.1,1],"images":null},{"id":147,"idBD":147,"labels":["A. Muzy","Alexandre Muzy","Not Informed","Not Informed","Not Informed"],"values":[2004,0,0,1,1,0,0,1,1,0.1,0.1,1],"images":null},{"id":148,"idBD":148,"labels":["M. Buffa","M. Buffa","Not Informed","Not Informed","Not Informed"],"values":[2004,0,0,1,0,0,1,1,1,0.1,0.1,1],"images":null},{"id":149,"idBD":149,"labels":["H. Mahe","Howard Mahe","Not Informed","Not Informed","Not Informed"],"values":[2004,0,0,1,1,0,0,1,1,0.1,0.1,1],"images":null},{"id":150,"idBD":150,"labels":["J. Chandesris","Jérôme Chandesris","Not Informed","Not Informed","Not Informed"],"values":[2004,0,0,1,1,0,0,1,1,0.1,0.1,1],"images":null},{"id":151,"idBD":151,"labels":["M. Hua","Minh-Duc Hua","Not Informed","Not Informed","Not Informed"],"values":[2004,0,0,1,1,0,0,1,1,0.1,0.1,1],"images":null},{"id":152,"idBD":152,"labels":["I. Mirbel","Isabelle Mirbel","Not Informed","Not Informed","Not Informed"],"values":[2004,0,0,1,0,0,1,1,1,0.1,0.1,1],"images":null},{"id":153,"idBD":153,"labels":["J. Provillard","Julien Provillard","Not Informed","Not Informed","Not Informed"],"values":[2004,0,0,6,3,0,3,1,1,0.1,0.1,1],"images":null},{"id":154,"idBD":154,"labels":["C. BARAT","Christian Barat","Not Informed","Not Informed","Not Informed"],"values":[2004,0,0,1,1,0,0,2,2,0.1,0.1,2],"images":null},{"id":155,"idBD":155,"labels":["F. Giroire","Frédéric Giroire","Not Informed","Not Informed","Not Informed"],"values":[2004,0,0,1,1,0,0,1,1,0.1,0.1,1],"images":null}]},"edges":{"labelTitle":null,"valueTitle":["Qt Publications","Qt Conference Papers","Qt Reports","Qt Articles","2004","English","Portuguese","Spanish","German","French","Research N.I.","Tolerancia a falhas","Inteligencia Artificial","Modelagem Conceitual e BD","Comp. Grafica e P.I.","Sistemas de Tempo Real","Arquiteture e Proj. Sist. Comp.","Microeletronica","Redes de Computadores","Proc.Paralelo e Distr.","Metodos formais","Fundamentos da Computacao","Engenharia de Software","Sistemas Embarcados","Teste e Confiabilidade","TV Digital","Projeto Isolado","Natureza N.I.","Trabalho Completo","Resumo","Capitulo","Texto Integral","Resumo Expandido","Outro","Area N.I.","Sistemas de Computacao","Sistemas de Informacao","Inteligencia Artificial","Eng. da Computacao","Informatica Teorica"],"dataEdges":[{"src":0,"tgt":20,"labels":null,"values":[0,0,0,0,0,1,0,0,0,0,0,0,0,0,0,0,0,0,0,0,0,0,0,0,0,0,0,0,0,0,0,0,0,0,0,0,0,0,0]},{"src":1,"tgt":105,"labels":null,"values":[1,0,0,1,1,1,0,0,0,0,0,0,0,0,0,0,0,0,0,0,0,0,0,0,0,0,0,0,0,0,0,0,0,0,0,0,0,0,0]},{"src":2,"tgt":127,"labels":null,"values":[1,1,0,0,1,1,0,0,0,0,0,0,0,0,0,0,0,0,0,0,0,0,0,0,0,0,0,0,0,0,0,0,0,0,0,0,0,0,0]},{"src":3,"tgt":7,"labels":null,"values":[1,1,0,0,1,0,0,0,0,1,0,0,0,0,0,0,0,0,0,0,0,0,0,0,0,0,0,0,0,0,0,0,0,0,0,0,0,0,0]},{"src":4,"tgt":44,"labels":null,"values":[3,2,0,1,3,2,0,0,0,0,0,0,0,0,0,0,0,0,0,0,0,0,0,0,0,0,0,0,0,0,0,0,0,0,0,0,0,0,0]},{"src":5,"tgt":20,"labels":null,"values":[1,1,0,0,1,1,0,0,0,0,0,0,0,0,0,0,0,0,0,0,0,0,0,0,0,0,0,0,0,0,0,0,0,0,0,0,0,0,0]},{"src":6,"tgt":99,"labels":null,"values":[1,0,1,0,1,1,0,0,0,0,0,0,0,0,0,0,0,0,0,0,0,0,0,0,0,0,0,0,0,0,0,0,0,0,0,0,0,0,0]},{"src":7,"tgt":13,"labels":null,"values":[2,1,1,0,2,1,0,0,0,0,0,0,0,0,0,0,0,0,0,0,0,0,0,0,0,0,0,0,0,0,0,0,0,0,0,0,0,0,0]},{"src":8,"tgt":58,"labels":null,"values":[1,1,0,0,1,1,0,0,0,0,0,0,0,0,0,0,0,0,0,0,0,0,0,0,0,0,0,0,0,0,0,0,0,0,0,0,0,0,0]},{"src":9,"tgt":57,"labels":null,"values":[2,1,0,1,2,1,0,0,0,0,0,0,0,0,0,0,0,0,0,0,0,0,0,0,0,0,0,0,0,0,0,0,0,0,0,0,0,0,0]},{"src":10,"tgt":11,"labels":null,"values":[0,0,0,0,0,0,0,0,0,1,0,0,0,0,0,0,0,0,0,0,0,0,0,0,0,0,0,0,0,0,0,0,0,0,0,0,0,0,0]},{"src":11,"tgt":107,"labels":null,"values":[0,0,0,0,0,0,0,0,0,1,0,0,0,0,0,0,0,0,0,0,0,0,0,0,0,0,0,0,0,0,0,0,0,0,0,0,0,0,0]},{"src":12,"tgt":46,"labels":null,"values":[2,2,0,0,2,2,0,0,0,0,0,0,0,0,0,0,0,0,0,0,0,0,0,0,0,0,0,0,0,0,0,0,0,0,0,0,0,0,0]},{"src":13,"tgt":3,"labels":null,"values":[1,1,0,0,1,1,0,0,0,0,0,0,0,0,0,0,0,0,0,0,0,0,0,0,0,0,0,0,0,0,0,0,0,0,0,0,0,0,0]},{"src":14,"tgt":130,"labels":null,"values":[1,1,0,0,1,1,0,0,0,0,0,0,0,0,0,0,0,0,0,0,0,0,0,0,0,0,0,0,0,0,0,0,0,0,0,0,0,0,0]},{"src":15,"tgt":145,"labels":null,"values":[0,0,0,0,0,1,0,0,0,0,0,0,0,0,0,0,0,0,0,0,0,0,0,0,0,0,0,0,0,0,0,0,0,0,0,0,0,0,0]},{"src":16,"tgt":44,"labels":null,"values":[1,0,0,1,1,1,0,0,0,0,0,0,0,0,0,0,0,0,0,0,0,0,0,0,0,0,0,0,0,0,0,0,0,0,0,0,0,0,0]},{"src":17,"tgt":76,"labels":null,"values":[1,1,0,0,1,1,0,0,0,0,0,0,0,0,0,0,0,0,0,0,0,0,0,0,0,0,0,0,0,0,0,0,0,0,0,0,0,0,0]},{"src":5,"tgt":76,"labels":null,"values":[1,1,0,0,1,1,0,0,0,0,0,0,0,0,0,0,0,0,0,0,0,0,0,0,0,0,0,0,0,0,0,0,0,0,0,0,0,0,0]},{"src":18,"tgt":45,"labels":null,"values":[1,1,0,0,1,1,0,0,0,0,0,0,0,0,0,0,0,0,0,0,0,0,0,0,0,0,0,0,0,0,0,0,0,0,0,0,0,0,0]},{"src":19,"tgt":118,"labels":null,"values":[1,0,0,1,1,0,0,0,0,1,0,0,0,0,0,0,0,0,0,0,0,0,0,0,0,0,0,0,0,0,0,0,0,0,0,0,0,0,0]},{"src":20,"tgt":79,"labels":null,"values":[5,2,3,0,5,3,0,0,0,0,0,0,0,0,0,0,0,0,0,0,0,0,0,0,0,0,0,0,0,0,0,0,0,0,0,0,0,0,0]},{"src":21,"tgt":13,"labels":null,"values":[3,2,1,0,3,2,0,0,0,0,0,0,0,0,0,0,0,0,0,0,0,0,0,0,0,0,0,0,0,0,0,0,0,0,0,0,0,0,0]},{"src":22,"tgt":60,"labels":null,"values":[1,1,0,0,1,1,0,0,0,0,0,0,0,0,0,0,0,0,0,0,0,0,0,0,0,0,0,0,0,0,0,0,0,0,0,0,0,0,0]},{"src":23,"tgt":38,"labels":null,"values":[1,0,0,1,1,1,0,0,0,0,0,0,0,0,0,0,0,0,0,0,0,0,0,0,0,0,0,0,0,0,0,0,0,0,0,0,0,0,0]},{"src":24,"tgt":3,"labels":null,"values":[2,2,0,0,2,2,0,0,0,0,0,0,0,0,0,0,0,0,0,0,0,0,0,0,0,0,0,0,0,0,0,0,0,0,0,0,0,0,0]},{"src":25,"tgt":65,"labels":null,"values":[1,1,0,0,1,0,0,0,0,1,0,0,0,0,0,0,0,0,0,0,0,0,0,0,0,0,0,0,0,0,0,0,0,0,0,0,0,0,0]},{"src":26,"tgt":69,"labels":null,"values":[1,0,0,1,1,1,0,0,0,1,0,0,0,0,0,0,0,0,0,0,0,0,0,0,0,0,0,0,0,0,0,0,0,0,0,0,0,0,0]},{"src":27,"tgt":32,"labels":null,"values":[1,1,0,0,1,0,0,0,0,1,0,0,0,0,0,0,0,0,0,0,0,0,0,0,0,0,0,0,0,0,0,0,0,0,0,0,0,0,0]},{"src":28,"tgt":46,"labels":null,"values":[1,1,0,0,1,1,0,0,0,1,0,0,0,0,0,0,0,0,0,0,0,0,0,0,0,0,0,0,0,0,0,0,0,0,0,0,0,0,0]},{"src":29,"tgt":3,"labels":null,"values":[3,3,0,0,3,3,0,0,0,0,0,0,0,0,0,0,0,0,0,0,0,0,0,0,0,0,0,0,0,0,0,0,0,0,0,0,0,0,0]},{"src":26,"tgt":144,"labels":null,"values":[0,0,0,0,0,1,0,0,0,0,0,0,0,0,0,0,0,0,0,0,0,0,0,0,0,0,0,0,0,0,0,0,0,0,0,0,0,0,0]},{"src":30,"tgt":97,"labels":null,"values":[1,0,1,0,1,0,0,0,0,1,0,0,0,0,0,0,0,0,0,0,0,0,0,0,0,0,0,0,0,0,0,0,0,0,0,0,0,0,0]},{"src":31,"tgt":40,"labels":null,"values":[1,0,0,1,1,1,0,0,0,0,0,0,0,0,0,0,0,0,0,0,0,0,0,0,0,0,0,0,0,0,0,0,0,0,0,0,0,0,0]},{"src":20,"tgt":76,"labels":null,"values":[1,1,0,0,1,1,0,0,0,1,0,0,0,0,0,0,0,0,0,0,0,0,0,0,0,0,0,0,0,0,0,0,0,0,0,0,0,0,0]},{"src":32,"tgt":16,"labels":null,"values":[2,1,0,1,2,1,0,0,0,0,0,0,0,0,0,0,0,0,0,0,0,0,0,0,0,0,0,0,0,0,0,0,0,0,0,0,0,0,0]},{"src":33,"tgt":147,"labels":null,"values":[1,1,0,0,1,1,0,0,0,0,0,0,0,0,0,0,0,0,0,0,0,0,0,0,0,0,0,0,0,0,0,0,0,0,0,0,0,0,0]},{"src":17,"tgt":20,"labels":null,"values":[1,1,0,0,1,1,0,0,0,0,0,0,0,0,0,0,0,0,0,0,0,0,0,0,0,0,0,0,0,0,0,0,0,0,0,0,0,0,0]},{"src":34,"tgt":113,"labels":null,"values":[0,0,0,0,0,1,0,0,0,0,0,0,0,0,0,0,0,0,0,0,0,0,0,0,0,0,0,0,0,0,0,0,0,0,0,0,0,0,0]},{"src":8,"tgt":17,"labels":null,"values":[1,1,0,0,1,1,0,0,0,0,0,0,0,0,0,0,0,0,0,0,0,0,0,0,0,0,0,0,0,0,0,0,0,0,0,0,0,0,0]},{"src":35,"tgt":56,"labels":null,"values":[1,1,0,0,1,1,0,0,0,0,0,0,0,0,0,0,0,0,0,0,0,0,0,0,0,0,0,0,0,0,0,0,0,0,0,0,0,0,0]},{"src":36,"tgt":82,"labels":null,"values":[1,0,0,1,1,1,0,0,0,0,0,0,0,0,0,0,0,0,0,0,0,0,0,0,0,0,0,0,0,0,0,0,0,0,0,0,0,0,0]},{"src":37,"tgt":31,"labels":null,"values":[4,3,0,1,4,3,0,0,0,0,0,0,0,0,0,0,0,0,0,0,0,0,0,0,0,0,0,0,0,0,0,0,0,0,0,0,0,0,0]},{"src":12,"tgt":8,"labels":null,"values":[2,2,0,0,2,2,0,0,0,0,0,0,0,0,0,0,0,0,0,0,0,0,0,0,0,0,0,0,0,0,0,0,0,0,0,0,0,0,0]},{"src":38,"tgt":121,"labels":null,"values":[9,5,0,4,9,5,0,0,0,0,0,0,0,0,0,0,0,0,0,0,0,0,0,0,0,0,0,0,0,0,0,0,0,0,0,0,0,0,0]},{"src":39,"tgt":62,"labels":null,"values":[2,1,0,1,2,1,0,0,0,0,0,0,0,0,0,0,0,0,0,0,0,0,0,0,0,0,0,0,0,0,0,0,0,0,0,0,0,0,0]},{"src":40,"tgt":104,"labels":null,"values":[1,1,0,0,1,1,0,0,0,0,0,0,0,0,0,0,0,0,0,0,0,0,0,0,0,0,0,0,0,0,0,0,0,0,0,0,0,0,0]},{"src":8,"tgt":59,"labels":null,"values":[1,0,0,1,1,0,0,0,0,1,0,0,0,0,0,0,0,0,0,0,0,0,0,0,0,0,0,0,0,0,0,0,0,0,0,0,0,0,0]},{"src":41,"tgt":35,"labels":null,"values":[1,1,0,0,1,1,0,0,0,0,0,0,0,0,0,0,0,0,0,0,0,0,0,0,0,0,0,0,0,0,0,0,0,0,0,0,0,0,0]},{"src":42,"tgt":4,"labels":null,"values":[1,1,0,0,1,0,0,0,0,1,0,0,0,0,0,0,0,0,0,0,0,0,0,0,0,0,0,0,0,0,0,0,0,0,0,0,0,0,0]},{"src":25,"tgt":4,"labels":null,"values":[1,1,0,0,1,0,0,0,0,1,0,0,0,0,0,0,0,0,0,0,0,0,0,0,0,0,0,0,0,0,0,0,0,0,0,0,0,0,0]},{"src":4,"tgt":3,"labels":null,"values":[1,1,0,0,1,0,0,0,0,1,0,0,0,0,0,0,0,0,0,0,0,0,0,0,0,0,0,0,0,0,0,0,0,0,0,0,0,0,0]},{"src":4,"tgt":27,"labels":null,"values":[1,1,0,0,1,0,0,0,0,1,0,0,0,0,0,0,0,0,0,0,0,0,0,0,0,0,0,0,0,0,0,0,0,0,0,0,0,0,0]},{"src":8,"tgt":0,"labels":null,"values":[3,2,0,1,3,2,0,0,0,1,0,0,0,0,0,0,0,0,0,0,0,0,0,0,0,0,0,0,0,0,0,0,0,0,0,0,0,0,0]},{"src":7,"tgt":45,"labels":null,"values":[2,1,1,0,2,1,0,0,0,0,0,0,0,0,0,0,0,0,0,0,0,0,0,0,0,0,0,0,0,0,0,0,0,0,0,0,0,0,0]},{"src":13,"tgt":91,"labels":null,"values":[1,1,0,0,1,1,0,0,0,0,0,0,0,0,0,0,0,0,0,0,0,0,0,0,0,0,0,0,0,0,0,0,0,0,0,0,0,0,0]},{"src":26,"tgt":49,"labels":null,"values":[1,0,0,1,1,1,0,0,0,1,0,0,0,0,0,0,0,0,0,0,0,0,0,0,0,0,0,0,0,0,0,0,0,0,0,0,0,0,0]},{"src":43,"tgt":75,"labels":null,"values":[0,0,0,0,0,1,0,0,0,0,0,0,0,0,0,0,0,0,0,0,0,0,0,0,0,0,0,0,0,0,0,0,0,0,0,0,0,0,0]},{"src":44,"tgt":20,"labels":null,"values":[1,1,0,0,1,1,0,0,0,0,0,0,0,0,0,0,0,0,0,0,0,0,0,0,0,0,0,0,0,0,0,0,0,0,0,0,0,0,0]},{"src":27,"tgt":10,"labels":null,"values":[1,1,0,0,1,0,0,0,0,1,0,0,0,0,0,0,0,0,0,0,0,0,0,0,0,0,0,0,0,0,0,0,0,0,0,0,0,0,0]},{"src":46,"tgt":8,"labels":null,"values":[3,3,0,0,3,3,0,0,0,0,0,0,0,0,0,0,0,0,0,0,0,0,0,0,0,0,0,0,0,0,0,0,0,0,0,0,0,0,0]},{"src":47,"tgt":20,"labels":null,"values":[2,1,0,1,2,0,0,0,0,1,0,0,0,0,0,0,0,0,0,0,0,0,0,0,0,0,0,0,0,0,0,0,0,0,0,0,0,0,0]},{"src":48,"tgt":105,"labels":null,"values":[1,0,0,1,1,1,0,0,0,0,0,0,0,0,0,0,0,0,0,0,0,0,0,0,0,0,0,0,0,0,0,0,0,0,0,0,0,0,0]},{"src":10,"tgt":16,"labels":null,"values":[1,0,0,1,1,1,0,0,0,0,0,0,0,0,0,0,0,0,0,0,0,0,0,0,0,0,0,0,0,0,0,0,0,0,0,0,0,0,0]},{"src":50,"tgt":15,"labels":null,"values":[1,0,0,1,1,1,0,0,0,0,0,0,0,0,0,0,0,0,0,0,0,0,0,0,0,0,0,0,0,0,0,0,0,0,0,0,0,0,0]},{"src":51,"tgt":114,"labels":null,"values":[1,1,0,0,1,1,0,0,0,0,0,0,0,0,0,0,0,0,0,0,0,0,0,0,0,0,0,0,0,0,0,0,0,0,0,0,0,0,0]},{"src":52,"tgt":4,"labels":null,"values":[0,0,0,0,0,0,0,0,0,1,0,0,0,0,0,0,0,0,0,0,0,0,0,0,0,0,0,0,0,0,0,0,0,0,0,0,0,0,0]},{"src":32,"tgt":42,"labels":null,"values":[1,1,0,0,1,0,0,0,0,1,0,0,0,0,0,0,0,0,0,0,0,0,0,0,0,0,0,0,0,0,0,0,0,0,0,0,0,0,0]},{"src":38,"tgt":129,"labels":null,"values":[2,0,0,2,2,2,0,0,0,0,0,0,0,0,0,0,0,0,0,0,0,0,0,0,0,0,0,0,0,0,0,0,0,0,0,0,0,0,0]},{"src":36,"tgt":43,"labels":null,"values":[1,0,0,1,1,1,0,0,0,0,0,0,0,0,0,0,0,0,0,0,0,0,0,0,0,0,0,0,0,0,0,0,0,0,0,0,0,0,0]},{"src":53,"tgt":79,"labels":null,"values":[2,0,2,0,2,2,0,0,0,0,0,0,0,0,0,0,0,0,0,0,0,0,0,0,0,0,0,0,0,0,0,0,0,0,0,0,0,0,0]},{"src":43,"tgt":82,"labels":null,"values":[1,0,0,1,1,1,0,0,0,0,0,0,0,0,0,0,0,0,0,0,0,0,0,0,0,0,0,0,0,0,0,0,0,0,0,0,0,0,0]},{"src":13,"tgt":4,"labels":null,"values":[7,6,0,1,7,1,0,0,0,0,0,0,0,0,0,0,0,0,0,0,0,0,0,0,0,0,0,0,0,0,0,0,0,0,0,0,0,0,0]},{"src":32,"tgt":4,"labels":null,"values":[1,1,0,0,1,4,0,0,0,1,0,0,0,0,0,0,0,0,0,0,0,0,0,0,0,0,0,0,0,0,0,0,0,0,0,0,0,0,0]},{"src":54,"tgt":149,"labels":null,"values":[1,1,0,0,1,1,0,0,0,0,0,0,0,0,0,0,0,0,0,0,0,0,0,0,0,0,0,0,0,0,0,0,0,0,0,0,0,0,0]},{"src":20,"tgt":43,"labels":null,"values":[0,0,0,0,0,1,0,0,0,0,0,0,0,0,0,0,0,0,0,0,0,0,0,0,0,0,0,0,0,0,0,0,0,0,0,0,0,0,0]},{"src":42,"tgt":107,"labels":null,"values":[1,1,0,0,1,0,0,0,0,1,0,0,0,0,0,0,0,0,0,0,0,0,0,0,0,0,0,0,0,0,0,0,0,0,0,0,0,0,0]},{"src":55,"tgt":38,"labels":null,"values":[1,0,0,1,1,1,0,0,0,0,0,0,0,0,0,0,0,0,0,0,0,0,0,0,0,0,0,0,0,0,0,0,0,0,0,0,0,0,0]},{"src":8,"tgt":122,"labels":null,"values":[1,0,0,1,1,1,0,0,0,0,0,0,0,0,0,0,0,0,0,0,0,0,0,0,0,0,0,0,0,0,0,0,0,0,0,0,0,0,0]},{"src":20,"tgt":13,"labels":null,"values":[1,1,0,0,1,1,0,0,0,0,0,0,0,0,0,0,0,0,0,0,0,0,0,0,0,0,0,0,0,0,0,0,0,0,0,0,0,0,0]},{"src":8,"tgt":20,"labels":null,"values":[4,3,0,1,4,3,0,0,0,0,0,0,0,0,0,0,0,0,0,0,0,0,0,0,0,0,0,0,0,0,0,0,0,0,0,0,0,0,0]},{"src":13,"tgt":24,"labels":null,"values":[2,2,0,0,2,2,0,0,0,0,0,0,0,0,0,0,0,0,0,0,0,0,0,0,0,0,0,0,0,0,0,0,0,0,0,0,0,0,0]},{"src":15,"tgt":139,"labels":null,"values":[0,0,0,0,0,1,0,0,0,0,0,0,0,0,0,0,0,0,0,0,0,0,0,0,0,0,0,0,0,0,0,0,0,0,0,0,0,0,0]},{"src":58,"tgt":20,"labels":null,"values":[1,1,0,0,1,1,0,0,0,0,0,0,0,0,0,0,0,0,0,0,0,0,0,0,0,0,0,0,0,0,0,0,0,0,0,0,0,0,0]},{"src":31,"tgt":6,"labels":null,"values":[1,0,1,0,1,1,0,0,0,0,0,0,0,0,0,0,0,0,0,0,0,0,0,0,0,0,0,0,0,0,0,0,0,0,0,0,0,0,0]},{"src":24,"tgt":64,"labels":null,"values":[1,1,0,0,1,1,0,0,0,0,0,0,0,0,0,0,0,0,0,0,0,0,0,0,0,0,0,0,0,0,0,0,0,0,0,0,0,0,0]},{"src":43,"tgt":87,"labels":null,"values":[0,0,0,0,0,1,0,0,0,1,0,0,0,0,0,0,0,0,0,0,0,0,0,0,0,0,0,0,0,0,0,0,0,0,0,0,0,0,0]},{"src":53,"tgt":71,"labels":null,"values":[1,0,1,0,1,1,0,0,0,0,0,0,0,0,0,0,0,0,0,0,0,0,0,0,0,0,0,0,0,0,0,0,0,0,0,0,0,0,0]},{"src":37,"tgt":110,"labels":null,"values":[1,0,0,1,1,1,0,0,0,0,0,0,0,0,0,0,0,0,0,0,0,0,0,0,0,0,0,0,0,0,0,0,0,0,0,0,0,0,0]},{"src":60,"tgt":91,"labels":null,"values":[1,1,0,0,1,1,0,0,0,0,0,0,0,0,0,0,0,0,0,0,0,0,0,0,0,0,0,0,0,0,0,0,0,0,0,0,0,0,0]},{"src":61,"tgt":89,"labels":null,"values":[1,1,0,0,1,1,0,0,0,0,0,0,0,0,0,0,0,0,0,0,0,0,0,0,0,0,0,0,0,0,0,0,0,0,0,0,0,0,0]},{"src":30,"tgt":7,"labels":null,"values":[1,0,1,0,1,0,0,0,0,1,0,0,0,0,0,0,0,0,0,0,0,0,0,0,0,0,0,0,0,0,0,0,0,0,0,0,0,0,0]},{"src":7,"tgt":25,"labels":null,"values":[2,1,1,0,2,0,0,0,0,1,0,0,0,0,0,0,0,0,0,0,0,0,0,0,0,0,0,0,0,0,0,0,0,0,0,0,0,0,0]},{"src":63,"tgt":143,"labels":null,"values":[0,0,0,0,0,2,0,0,0,0,0,0,0,0,0,0,0,0,0,0,0,0,0,0,0,0,0,0,0,0,0,0,0,0,0,0,0,0,0]},{"src":64,"tgt":3,"labels":null,"values":[1,1,0,0,1,1,0,0,0,0,0,0,0,0,0,0,0,0,0,0,0,0,0,0,0,0,0,0,0,0,0,0,0,0,0,0,0,0,0]},{"src":66,"tgt":115,"labels":null,"values":[1,1,0,0,1,1,0,0,0,0,0,0,0,0,0,0,0,0,0,0,0,0,0,0,0,0,0,0,0,0,0,0,0,0,0,0,0,0,0]},{"src":7,"tgt":65,"labels":null,"values":[1,1,0,0,1,0,0,0,0,1,0,0,0,0,0,0,0,0,0,0,0,0,0,0,0,0,0,0,0,0,0,0,0,0,0,0,0,0,0]},{"src":44,"tgt":123,"labels":null,"values":[1,0,0,1,1,1,0,0,0,0,0,0,0,0,0,0,0,0,0,0,0,0,0,0,0,0,0,0,0,0,0,0,0,0,0,0,0,0,0]},{"src":0,"tgt":46,"labels":null,"values":[2,2,0,0,2,2,0,0,0,0,0,0,0,0,0,0,0,0,0,0,0,0,0,0,0,0,0,0,0,0,0,0,0,0,0,0,0,0,0]},{"src":67,"tgt":86,"labels":null,"values":[1,1,0,0,1,1,0,0,0,0,0,0,0,0,0,0,0,0,0,0,0,0,0,0,0,0,0,0,0,0,0,0,0,0,0,0,0,0,0]},{"src":4,"tgt":88,"labels":null,"values":[0,0,0,0,0,0,0,0,0,1,0,0,0,0,0,0,0,0,0,0,0,0,0,0,0,0,0,0,0,0,0,0,0,0,0,0,0,0,0]},{"src":46,"tgt":78,"labels":null,"values":[1,1,0,0,1,1,0,0,0,0,0,0,0,0,0,0,0,0,0,0,0,0,0,0,0,0,0,0,0,0,0,0,0,0,0,0,0,0,0]},{"src":68,"tgt":60,"labels":null,"values":[1,1,0,0,1,1,0,0,0,0,0,0,0,0,0,0,0,0,0,0,0,0,0,0,0,0,0,0,0,0,0,0,0,0,0,0,0,0,0]},{"src":20,"tgt":46,"labels":null,"values":[4,2,1,1,4,2,0,0,0,1,0,0,0,0,0,0,0,0,0,0,0,0,0,0,0,0,0,0,0,0,0,0,0,0,0,0,0,0,0]},{"src":68,"tgt":13,"labels":null,"values":[1,1,0,0,1,1,0,0,0,0,0,0,0,0,0,0,0,0,0,0,0,0,0,0,0,0,0,0,0,0,0,0,0,0,0,0,0,0,0]},{"src":21,"tgt":45,"labels":null,"values":[3,2,1,0,3,1,0,0,0,0,0,0,0,0,0,0,0,0,0,0,0,0,0,0,0,0,0,0,0,0,0,0,0,0,0,0,0,0,0]},{"src":37,"tgt":40,"labels":null,"values":[1,0,0,1,1,1,0,0,0,0,0,0,0,0,0,0,0,0,0,0,0,0,0,0,0,0,0,0,0,0,0,0,0,0,0,0,0,0,0]},{"src":15,"tgt":126,"labels":null,"values":[1,0,0,1,1,1,0,0,0,0,0,0,0,0,0,0,0,0,0,0,0,0,0,0,0,0,0,0,0,0,0,0,0,0,0,0,0,0,0]},{"src":45,"tgt":13,"labels":null,"values":[3,2,1,0,3,1,0,0,0,0,0,0,0,0,0,0,0,0,0,0,0,0,0,0,0,0,0,0,0,0,0,0,0,0,0,0,0,0,0]},{"src":70,"tgt":27,"labels":null,"values":[1,1,0,0,1,0,0,0,0,1,0,0,0,0,0,0,0,0,0,0,0,0,0,0,0,0,0,0,0,0,0,0,0,0,0,0,0,0,0]},{"src":71,"tgt":20,"labels":null,"values":[1,0,1,0,1,1,0,0,0,0,0,0,0,0,0,0,0,0,0,0,0,0,0,0,0,0,0,0,0,0,0,0,0,0,0,0,0,0,0]},{"src":38,"tgt":153,"labels":null,"values":[6,3,0,3,6,3,0,0,0,0,0,0,0,0,0,0,0,0,0,0,0,0,0,0,0,0,0,0,0,0,0,0,0,0,0,0,0,0,0]},{"src":72,"tgt":76,"labels":null,"values":[3,2,0,1,3,1,0,0,0,0,0,0,0,0,0,0,0,0,0,0,0,0,0,0,0,0,0,0,0,0,0,0,0,0,0,0,0,0,0]},{"src":73,"tgt":108,"labels":null,"values":[2,0,0,2,2,2,0,0,0,0,0,0,0,0,0,0,0,0,0,0,0,0,0,0,0,0,0,0,0,0,0,0,0,0,0,0,0,0,0]},{"src":74,"tgt":20,"labels":null,"values":[0,0,0,0,0,1,0,0,0,0,0,0,0,0,0,0,0,0,0,0,0,0,0,0,0,0,0,0,0,0,0,0,0,0,0,0,0,0,0]},{"src":13,"tgt":29,"labels":null,"values":[1,1,0,0,1,1,0,0,0,0,0,0,0,0,0,0,0,0,0,0,0,0,0,0,0,0,0,0,0,0,0,0,0,0,0,0,0,0,0]},{"src":77,"tgt":114,"labels":null,"values":[1,1,0,0,1,1,0,0,0,0,0,0,0,0,0,0,0,0,0,0,0,0,0,0,0,0,0,0,0,0,0,0,0,0,0,0,0,0,0]},{"src":15,"tgt":74,"labels":null,"values":[0,0,0,0,0,1,0,0,0,0,0,0,0,0,0,0,0,0,0,0,0,0,0,0,0,0,0,0,0,0,0,0,0,0,0,0,0,0,0]},{"src":80,"tgt":8,"labels":null,"values":[1,1,0,0,1,0,0,0,0,1,0,0,0,0,0,0,0,0,0,0,0,0,0,0,0,0,0,0,0,0,0,0,0,0,0,0,0,0,0]},{"src":4,"tgt":107,"labels":null,"values":[7,7,0,0,7,7,0,0,0,1,0,0,0,0,0,0,0,0,0,0,0,0,0,0,0,0,0,0,0,0,0,0,0,0,0,0,0,0,0]},{"src":81,"tgt":15,"labels":null,"values":[0,0,0,0,0,1,0,0,0,0,0,0,0,0,0,0,0,0,0,0,0,0,0,0,0,0,0,0,0,0,0,0,0,0,0,0,0,0,0]},{"src":13,"tgt":60,"labels":null,"values":[1,1,0,0,1,1,0,0,0,0,0,0,0,0,0,0,0,0,0,0,0,0,0,0,0,0,0,0,0,0,0,0,0,0,0,0,0,0,0]},{"src":83,"tgt":1,"labels":null,"values":[2,0,0,2,2,2,0,0,0,0,0,0,0,0,0,0,0,0,0,0,0,0,0,0,0,0,0,0,0,0,0,0,0,0,0,0,0,0,0]},{"src":84,"tgt":15,"labels":null,"values":[3,3,0,0,3,2,0,0,0,0,0,0,0,0,0,0,0,0,0,0,0,0,0,0,0,0,0,0,0,0,0,0,0,0,0,0,0,0,0]},{"src":85,"tgt":80,"labels":null,"values":[1,1,0,0,1,1,0,0,0,0,0,0,0,0,0,0,0,0,0,0,0,0,0,0,0,0,0,0,0,0,0,0,0,0,0,0,0,0,0]},{"src":5,"tgt":43,"labels":null,"values":[0,0,0,0,0,1,0,0,0,0,0,0,0,0,0,0,0,0,0,0,0,0,0,0,0,0,0,0,0,0,0,0,0,0,0,0,0,0,0]},{"src":86,"tgt":3,"labels":null,"values":[5,5,0,0,5,5,0,0,0,0,0,0,0,0,0,0,0,0,0,0,0,0,0,0,0,0,0,0,0,0,0,0,0,0,0,0,0,0,0]},{"src":53,"tgt":78,"labels":null,"values":[1,1,0,0,1,1,0,0,0,0,0,0,0,0,0,0,0,0,0,0,0,0,0,0,0,0,0,0,0,0,0,0,0,0,0,0,0,0,0]},{"src":29,"tgt":67,"labels":null,"values":[1,1,0,0,1,1,0,0,0,0,0,0,0,0,0,0,0,0,0,0,0,0,0,0,0,0,0,0,0,0,0,0,0,0,0,0,0,0,0]},{"src":90,"tgt":135,"labels":null,"values":[0,0,0,0,0,1,0,0,0,0,0,0,0,0,0,0,0,0,0,0,0,0,0,0,0,0,0,0,0,0,0,0,0,0,0,0,0,0,0]},{"src":14,"tgt":60,"labels":null,"values":[1,1,0,0,1,1,0,0,0,0,0,0,0,0,0,0,0,0,0,0,0,0,0,0,0,0,0,0,0,0,0,0,0,0,0,0,0,0,0]},{"src":92,"tgt":60,"labels":null,"values":[1,1,0,0,1,1,0,0,0,0,0,0,0,0,0,0,0,0,0,0,0,0,0,0,0,0,0,0,0,0,0,0,0,0,0,0,0,0,0]},{"src":28,"tgt":20,"labels":null,"values":[1,1,0,0,1,1,0,0,0,1,0,0,0,0,0,0,0,0,0,0,0,0,0,0,0,0,0,0,0,0,0,0,0,0,0,0,0,0,0]},{"src":56,"tgt":117,"labels":null,"values":[1,1,0,0,1,1,0,0,0,0,0,0,0,0,0,0,0,0,0,0,0,0,0,0,0,0,0,0,0,0,0,0,0,0,0,0,0,0,0]},{"src":93,"tgt":20,"labels":null,"values":[1,1,0,0,1,0,0,0,0,1,0,0,0,0,0,0,0,0,0,0,0,0,0,0,0,0,0,0,0,0,0,0,0,0,0,0,0,0,0]},{"src":32,"tgt":10,"labels":null,"values":[1,0,0,1,1,1,0,0,0,0,0,0,0,0,0,0,0,0,0,0,0,0,0,0,0,0,0,0,0,0,0,0,0,0,0,0,0,0,0]},{"src":94,"tgt":89,"labels":null,"values":[1,1,0,0,1,1,0,0,0,0,0,0,0,0,0,0,0,0,0,0,0,0,0,0,0,0,0,0,0,0,0,0,0,0,0,0,0,0,0]},{"src":76,"tgt":15,"labels":null,"values":[1,0,0,1,1,1,0,0,0,0,0,0,0,0,0,0,0,0,0,0,0,0,0,0,0,0,0,0,0,0,0,0,0,0,0,0,0,0,0]},{"src":95,"tgt":69,"labels":null,"values":[1,0,0,1,1,1,0,0,0,0,0,0,0,0,0,0,0,0,0,0,0,0,0,0,0,0,0,0,0,0,0,0,0,0,0,0,0,0,0]},{"src":7,"tgt":60,"labels":null,"values":[1,1,0,0,1,1,0,0,0,0,0,0,0,0,0,0,0,0,0,0,0,0,0,0,0,0,0,0,0,0,0,0,0,0,0,0,0,0,0]},{"src":42,"tgt":27,"labels":null,"values":[1,1,0,0,1,0,0,0,0,1,0,0,0,0,0,0,0,0,0,0,0,0,0,0,0,0,0,0,0,0,0,0,0,0,0,0,0,0,0]},{"src":13,"tgt":32,"labels":null,"values":[4,4,0,0,4,4,0,0,0,0,0,0,0,0,0,0,0,0,0,0,0,0,0,0,0,0,0,0,0,0,0,0,0,0,0,0,0,0,0]},{"src":83,"tgt":48,"labels":null,"values":[2,0,0,2,2,2,0,0,0,0,0,0,0,0,0,0,0,0,0,0,0,0,0,0,0,0,0,0,0,0,0,0,0,0,0,0,0,0,0]},{"src":96,"tgt":100,"labels":null,"values":[1,0,0,1,1,1,0,0,0,0,0,0,0,0,0,0,0,0,0,0,0,0,0,0,0,0,0,0,0,0,0,0,0,0,0,0,0,0,0]},{"src":25,"tgt":97,"labels":null,"values":[1,0,1,0,1,0,0,0,0,1,0,0,0,0,0,0,0,0,0,0,0,0,0,0,0,0,0,0,0,0,0,0,0,0,0,0,0,0,0]},{"src":97,"tgt":7,"labels":null,"values":[1,0,1,0,1,0,0,0,0,1,0,0,0,0,0,0,0,0,0,0,0,0,0,0,0,0,0,0,0,0,0,0,0,0,0,0,0,0,0]},{"src":83,"tgt":105,"labels":null,"values":[2,0,0,2,2,2,0,0,0,0,0,0,0,0,0,0,0,0,0,0,0,0,0,0,0,0,0,0,0,0,0,0,0,0,0,0,0,0,0]},{"src":82,"tgt":15,"labels":null,"values":[1,0,0,1,1,1,0,0,0,0,0,0,0,0,0,0,0,0,0,0,0,0,0,0,0,0,0,0,0,0,0,0,0,0,0,0,0,0,0]},{"src":20,"tgt":119,"labels":null,"values":[1,1,0,0,1,1,0,0,0,1,0,0,0,0,0,0,0,0,0,0,0,0,0,0,0,0,0,0,0,0,0,0,0,0,0,0,0,0,0]},{"src":65,"tgt":4,"labels":null,"values":[1,1,0,0,1,0,0,0,0,1,0,0,0,0,0,0,0,0,0,0,0,0,0,0,0,0,0,0,0,0,0,0,0,0,0,0,0,0,0]},{"src":98,"tgt":84,"labels":null,"values":[1,1,0,0,1,1,0,0,0,0,0,0,0,0,0,0,0,0,0,0,0,0,0,0,0,0,0,0,0,0,0,0,0,0,0,0,0,0,0]},{"src":7,"tgt":14,"labels":null,"values":[1,1,0,0,1,1,0,0,0,0,0,0,0,0,0,0,0,0,0,0,0,0,0,0,0,0,0,0,0,0,0,0,0,0,0,0,0,0,0]},{"src":43,"tgt":8,"labels":null,"values":[0,0,0,0,0,1,0,0,0,0,0,0,0,0,0,0,0,0,0,0,0,0,0,0,0,0,0,0,0,0,0,0,0,0,0,0,0,0,0]},{"src":100,"tgt":35,"labels":null,"values":[2,0,1,1,2,1,0,0,0,0,0,0,0,0,0,0,0,0,0,0,0,0,0,0,0,0,0,0,0,0,0,0,0,0,0,0,0,0,0]},{"src":7,"tgt":102,"labels":null,"values":[1,1,0,0,1,1,0,0,0,0,0,0,0,0,0,0,0,0,0,0,0,0,0,0,0,0,0,0,0,0,0,0,0,0,0,0,0,0,0]},{"src":5,"tgt":119,"labels":null,"values":[1,1,0,0,1,1,0,0,0,0,0,0,0,0,0,0,0,0,0,0,0,0,0,0,0,0,0,0,0,0,0,0,0,0,0,0,0,0,0]}]}}