{
"info": { 
       "qtNodos": 93,
       "qtArestas": 224
       },
"nodes" : { 
           "labelTitle": [ "Short Name", "Author Name", "Category", "Research", "Area"],
           "valueTitle": [ "Year last Pub.","Qt Research","Qt Area","Qt Publications","Qt Journals","Qt Books", "Qt Proceedings","Connected Comp.","Edge BetWeenness","Closeness Centrality", "Betweenness Centrality","Degree"],
           "imageTitle": null,
           "dataNodes": [
               { "id":0,"idBD":9, "labels":["NEDEL, L. P.","Luciana Porcher Nedel","Docente","Computacao Grafica e P.I.","SISTEMAS DE COMPUTACAO"],
                           "values":[2010,11,11,11,1,0,10,0,3,0.3972,504.1667,20],"images":null },
               { "id":1,"idBD":110, "labels":["OLIVEIRA, Manuel M.","Manuel Menezes de Oliveira Neto","Docente","Computacao Grafica e P.I.","SISTEMAS DE COMPUTACAO"],
                           "values":[2010,4,4,4,3,0,1,0,6,0.2814,211.0000,5],"images":null },
               { "id":2,"idBD":111, "labels":["FREITAS, C. M. D. S.","Carla Maria Dal Sasso Freitas","Docente","Computacao Grafica e P.I.","SISTEMAS DE COMPUTACAO"],
                           "values":[2010,8,8,8,1,1,6,0,5,0.4516,902.5000,17],"images":null },
               { "id":3,"idBD":159, "labels":["WEBER, T. S.","Taisy Silva Weber","Docente","Computacao Grafica e P.I.","SISTEMAS DE COMPUTACAO"],
                           "values":[2010,1,1,1,0,1,0,0,5,0.3146,0.0000,2],"images":null },
               { "id":4,"idBD":174, "labels":["DIETRICH, C. A.","Carlos Augusto Dietrich","Discente","Computacao Grafica e P.I.","SISTEMAS DE COMPUTACAO"],
                           "values":[2010,3,3,3,1,1,1,0,7,0.2857,8.0000,8],"images":null },
               { "id":5,"idBD":175, "labels":["COMBA, J. L. D.","Joao Luiz Dihl Comba","Docente","Computacao Grafica e P.I.","SISTEMAS DE COMPUTACAO"],
                           "values":[2010,7,7,7,1,2,4,0,7,0.3784,836.7500,17],"images":null },
               { "id":6,"idBD":200, "labels":["Jung, C. R.","Claudio Rosito Jung","Participante Externo","Computacao Grafica e P.I.","SISTEMAS DE COMPUTACAO"],
                           "values":[2010,6,6,6,3,0,3,3,4,1.0000,75.0000,16],"images":null },
               { "id":7,"idBD":203, "labels":["JUNIOR, E. P. S.","Edson Prestes e Silva Junior","Participante Externo","Computacao Grafica e P.I.","SISTEMAS DE COMPUTACAO"],
                           "values":[2010,4,4,4,1,0,3,0,3,0.2947,55.6667,6],"images":null },
               { "id":8,"idBD":205, "labels":["IDIART, M. A. P.","Marco Aurelio Pires Idiart","Participante Externo","Computacao Grafica e P.I.","SISTEMAS DE COMPUTACAO"],
                           "values":[2010,1,1,1,0,0,1,0,3,0.2286,0.0000,1],"images":null },
               { "id":9,"idBD":221, "labels":["SCHARCANSKI, J.","Jacob Scharcanski","Docente","Computacao Grafica e P.I.","SISTEMAS DE COMPUTACAO"],
                           "values":[2010,9,9,9,3,0,6,2,1,1.0000,38.5000,10],"images":null },
               { "id":10,"idBD":267, "labels":["FILHO, A. C. S. B.","Antonio Carlos Schneider Beck Filho","Discente","Computacao Grafica e P.I.","SISTEMAS DE COMPUTACAO"],
                           "values":[2010,1,1,1,0,0,1,1,0,1.0000,0.0000,7],"images":null },
               { "id":11,"idBD":292, "labels":["BAMPI, S.","Sergio Bampi","Docente","Computacao Grafica e P.I.","SISTEMAS DE COMPUTACAO"],
                           "values":[2010,1,1,1,0,0,1,2,1,0.5882,0.0000,3],"images":null },
               { "id":12,"idBD":311, "labels":["NAVAUX, P. O. A.","Philippe Olivier Alexandre Navaux","Docente","Computacao Grafica e P.I.","SISTEMAS DE COMPUTACAO"],
                           "values":[2010,1,1,1,0,0,1,1,0,1.0000,0.0000,7],"images":null },
               { "id":13,"idBD":336, "labels":["CARRO, L.","Luigi Carro","Docente","Computacao Grafica e P.I.","SISTEMAS DE COMPUTACAO"],
                           "values":[2010,1,1,1,0,0,1,1,0,1.0000,0.0000,7],"images":null },
               { "id":14,"idBD":447, "labels":["GALANTE, R. M.","Renata de Matos Galante","Docente","Computacao Grafica e P.I.","SISTEMAS DE COMPUTACAO"],
                           "values":[2010,1,1,1,0,0,1,0,5,0.3636,0.0000,5],"images":null },
               { "id":15,"idBD":538, "labels":["SILVA, L. S.","Luciano Silva da Silva","Discente","Computacao Grafica e P.I.","SISTEMAS DE COMPUTACAO"],
                           "values":[2010,1,1,1,1,0,0,2,1,0.5263,0.0000,1],"images":null },
               { "id":16,"idBD":548, "labels":["MAILLARD, N. B.","Nicolas Bruno Maillard","Participante Externo","Computacao Grafica e P.I.","SISTEMAS DE COMPUTACAO"],
                           "values":[2010,1,1,1,0,0,1,1,0,1.0000,0.0000,7],"images":null },
               { "id":17,"idBD":582, "labels":["MORO, M. M.","Mirella Moura Moro","Participante Externo","Computacao Grafica e P.I.","SISTEMAS DE COMPUTACAO"],
                           "values":[2010,1,1,1,0,1,0,0,5,0.3146,0.0000,2],"images":null },
               { "id":18,"idBD":589, "labels":["CAVALHEIRO, G. G. H.","Gerson Geraldo Homrich Cavalheiro","Participante Externo","Computacao Grafica e P.I.","SISTEMAS DE COMPUTACAO"],
                           "values":[2010,1,1,1,1,0,0,3,4,0.5714,0.0000,4],"images":null },
               { "id":19,"idBD":662, "labels":["TREVISAN, Daniela Gorski","Daniela Gorski Trevisan","Participante Externo","Computacao Grafica e P.I.","SISTEMAS DE COMPUTACAO"],
                           "values":[2010,2,2,2,0,0,2,0,5,0.3436,0.0000,4],"images":null },
               { "id":20,"idBD":686, "labels":["FREITAS, H. C.","HENRIQUE COTA DE FREITAS","Discente","Computacao Grafica e P.I.","SISTEMAS DE COMPUTACAO"],
                           "values":[2010,1,1,1,0,0,1,1,0,1.0000,0.0000,7],"images":null },
               { "id":21,"idBD":736, "labels":["PORTO, M. S.","MARCELO SCHIAVON PORTO","Discente","Computacao Grafica e P.I.","SISTEMAS DE COMPUTACAO"],
                           "values":[2010,1,1,1,0,0,1,2,1,0.5882,0.0000,3],"images":null },
               { "id":22,"idBD":743, "labels":["ZATT, B.","Bruno Zatt","Participante Externo","Computacao Grafica e P.I.","SISTEMAS DE COMPUTACAO"],
                           "values":[2010,1,1,1,0,0,1,2,1,0.5882,0.0000,3],"images":null },
               { "id":23,"idBD":744, "labels":["PINTO, F. M.","FRANCISCO DE MOURA PINTO","Discente","Computacao Grafica e P.I.","SISTEMAS DE COMPUTACAO"],
                           "values":[2010,2,2,2,0,0,2,0,5,0.3128,0.0000,1],"images":null },
               { "id":24,"idBD":781, "labels":["ALVES, M. A. Z.","MARCO ANTONIO ZANATA ALVES","Discente","Computacao Grafica e P.I.","SISTEMAS DE COMPUTACAO"],
                           "values":[2010,1,1,1,0,0,1,1,0,1.0000,0.0000,7],"images":null },
               { "id":25,"idBD":910, "labels":["OLIVEIRA, A. B.","ALESSANDRO BOF DE OLIVEIRA","Discente","Computacao Grafica e P.I.","SISTEMAS DE COMPUTACAO"],
                           "values":[2010,1,1,1,0,0,1,2,1,0.5263,0.0000,1],"images":null },
               { "id":26,"idBD":918, "labels":["TORCHELSEN, R. P.","RAFAEL PICCIN TORCHELSEN","Discente","Computacao Grafica e P.I.","SISTEMAS DE COMPUTACAO"],
                           "values":[2010,2,2,2,0,0,2,0,2,0.2872,1.2500,5],"images":null },
               { "id":27,"idBD":1099, "labels":["NONATO, L. G.","Luis Gustavo Nonato","Participante Externo","Computacao Grafica e P.I.","SISTEMAS DE COMPUTACAO"],
                           "values":[2010,1,1,1,0,0,1,0,7,0.2786,0.0000,3],"images":null },
               { "id":28,"idBD":1100, "labels":["PAGOT, C. A.","CHRISTIAN AZAMBUJA PAGOT","Discente","Computacao Grafica e P.I.","SISTEMAS DE COMPUTACAO"],
                           "values":[2010,1,1,1,0,1,0,0,7,0.2814,0.0000,5],"images":null },
               { "id":29,"idBD":1102, "labels":["VOLLRATH, J.","JOACHIM VOLLRATH","Participante Externo","Computacao Grafica e P.I.","SISTEMAS DE COMPUTACAO"],
                           "values":[2010,1,1,1,0,1,0,0,7,0.2814,0.0000,5],"images":null },
               { "id":30,"idBD":1106, "labels":["WEISKOPF, D.","Daniel Weiskopf","Participante Externo","Computacao Grafica e P.I.","SISTEMAS DE COMPUTACAO"],
                           "values":[2010,1,1,1,0,1,0,0,7,0.2814,0.0000,5],"images":null },
               { "id":31,"idBD":1125, "labels":["REINALDO, G. C.","GELSON CARDOSO REINALDO","Discente","Computacao Grafica e P.I.","SISTEMAS DE COMPUTACAO"],
                           "values":[2010,1,1,1,0,0,1,0,3,0.2872,0.0000,2],"images":null },
               { "id":32,"idBD":1126, "labels":["MAULE, M.","Marilena Maule","Participante Externo","Computacao Grafica e P.I.","SISTEMAS DE COMPUTACAO"],
                           "values":[2010,1,1,1,0,0,1,0,3,0.2872,0.0000,2],"images":null },
               { "id":33,"idBD":1127, "labels":["ZACARIAS, M. R.","Marcio Rocha Zacarias","Discente","Computacao Grafica e P.I.","SISTEMAS DE COMPUTACAO"],
                           "values":[2010,1,1,1,0,0,1,0,3,0.2857,0.0000,1],"images":null },
               { "id":34,"idBD":1128, "labels":["MACIEL, A.","Anderson Maciel","Participante Externo","Computacao Grafica e P.I.","SISTEMAS DE COMPUTACAO"],
                           "values":[2010,5,5,5,0,0,5,0,3,0.3709,123.0000,11],"images":null },
               { "id":35,"idBD":1230, "labels":["DAPPER, F.","Fabio Dapper","Participante Externo","Computacao Grafica e P.I.","SISTEMAS DE COMPUTACAO"],
                           "values":[2010,1,1,1,1,0,0,0,3,0.2902,0.0000,3],"images":null },
               { "id":36,"idBD":1247, "labels":["RUTZIG, M. B.","MATEUS BECK RUTZIG","Discente","Computacao Grafica e P.I.","SISTEMAS DE COMPUTACAO"],
                           "values":[2010,1,1,1,0,0,1,1,0,1.0000,0.0000,7],"images":null },
               { "id":37,"idBD":1258, "labels":["MATTOS, M. H.","MARCELO HORNE MATTOS","Discente","Computacao Grafica e P.I.","SISTEMAS DE COMPUTACAO"],
                           "values":[2010,1,1,1,0,0,1,0,3,0.3567,0.0000,5],"images":null },
               { "id":38,"idBD":1259, "labels":["MESQUITA, E. M.","EDUARDO MACEDO MESQUITA","Discente","Computacao Grafica e P.I.","SISTEMAS DE COMPUTACAO"],
                           "values":[2010,1,1,1,0,0,1,0,3,0.3567,0.0000,5],"images":null },
               { "id":39,"idBD":1260, "labels":["JORGE, V. A. M.","VITOR AUGUSTO MACHADO JORGE","Discente","Computacao Grafica e P.I.","SISTEMAS DE COMPUTACAO"],
                           "values":[2010,1,1,1,0,0,1,0,3,0.2902,0.0000,4],"images":null },
               { "id":40,"idBD":1261, "labels":["IBIAPINA, J. M. T.","JUAN MARCUS TEIXEIRA IBIAPINA","Discente","Computacao Grafica e P.I.","SISTEMAS DE COMPUTACAO"],
                           "values":[2010,1,1,1,0,0,1,0,3,0.2902,0.0000,4],"images":null },
               { "id":41,"idBD":1278, "labels":["SOUSA, M. C.","Mario Costa Sousa","Participante Externo","Computacao Grafica e P.I.","SISTEMAS DE COMPUTACAO"],
                           "values":[2010,1,1,1,0,0,1,0,2,0.2276,0.0000,2],"images":null },
               { "id":42,"idBD":1284, "labels":["MADRUGA, F. L.","FELIPE LOPES MADRUGA","Discente","Computacao Grafica e P.I.","SISTEMAS DE COMPUTACAO"],
                           "values":[2010,1,1,1,0,0,1,1,0,1.0000,0.0000,7],"images":null },
               { "id":43,"idBD":1287, "labels":["SILVA, L. F. M. S.","LUIS FERNANDO MAIA SANTOS SILVA","Discente","Computacao Grafica e P.I.","SISTEMAS DE COMPUTACAO"],
                           "values":[2010,1,1,1,0,0,1,0,3,0.2902,0.0000,4],"images":null },
               { "id":44,"idBD":1296, "labels":["GROTTEL, S.","Sebastian Grottel","Participante Externo","Computacao Grafica e P.I.","SISTEMAS DE COMPUTACAO"],
                           "values":[2010,1,1,1,0,1,0,0,7,0.2786,0.0000,3],"images":null },
               { "id":45,"idBD":1298, "labels":["ERTL, T.","Thomas Ertl","Participante Externo","Computacao Grafica e P.I.","SISTEMAS DE COMPUTACAO"],
                           "values":[2010,2,2,2,0,2,0,0,7,0.2843,4.0000,7],"images":null },
               { "id":46,"idBD":1307, "labels":["BASTOS, R. M. R.","Rui Manuel Ribeiro de Bastos","Participante Externo","Computacao Grafica e P.I.","SISTEMAS DE COMPUTACAO"],
                           "values":[2010,2,2,2,0,0,2,0,2,0.2872,1.2500,5],"images":null },
               { "id":47,"idBD":1436, "labels":["SADLO, F.","Filip Sadlo","Participante Externo","Computacao Grafica e P.I.","SISTEMAS DE COMPUTACAO"],
                           "values":[2010,1,1,1,0,1,0,0,7,0.2814,0.0000,5],"images":null },
               { "id":48,"idBD":1453, "labels":["SILVEIRA, C. L. B.","Cesar Leonardo Blum Silveira","Participante Externo","Computacao Grafica e P.I.","SISTEMAS DE COMPUTACAO"],
                           "values":[2010,1,1,1,1,0,0,3,4,0.5714,0.0000,4],"images":null },
               { "id":49,"idBD":1454, "labels":["RODRIGUES, R.","Rafael Rodrigues","Participante Externo","Computacao Grafica e P.I.","SISTEMAS DE COMPUTACAO"],
                           "values":[2010,1,1,1,1,0,0,3,4,0.5926,0.0000,5],"images":null },
               { "id":50,"idBD":1455, "labels":["BICHO, A. L.","Alessandro de Lima Bicho","Participante Externo","Computacao Grafica e P.I.","SISTEMAS DE COMPUTACAO"],
                           "values":[2010,1,1,1,1,0,0,3,4,0.5926,0.0000,5],"images":null },
               { "id":51,"idBD":1456, "labels":["PARAVISI, M.","Marcelo Paravisi","Participante Externo","Computacao Grafica e P.I.","SISTEMAS DE COMPUTACAO"],
                           "values":[2010,1,1,1,1,0,0,3,4,0.5926,0.0000,5],"images":null },
               { "id":52,"idBD":1457, "labels":["MAGALHAES, L. P.","Leo Pini Magalhaes","Participante Externo","Computacao Grafica e P.I.","SISTEMAS DE COMPUTACAO"],
                           "values":[2010,1,1,1,1,0,0,3,4,0.5926,0.0000,5],"images":null },
               { "id":53,"idBD":1469, "labels":["GASTAL, E. S. L.","Eduardo Simoes Lopes Gastal","Discente","Computacao Grafica e P.I.","SISTEMAS DE COMPUTACAO"],
                           "values":[2010,1,1,1,1,0,0,0,6,0.2205,0.0000,1],"images":null },
               { "id":54,"idBD":1471, "labels":["SILVA, D. B.","Djalma Bandeira da Silva","Participante Externo","Computacao Grafica e P.I.","SISTEMAS DE COMPUTACAO"],
                           "values":[2010,1,1,1,1,0,0,0,2,0.2267,0.0000,1],"images":null },
               { "id":55,"idBD":1472, "labels":["MACHADO, G. M.","Gustavo Mello Machado","Discente","Computacao Grafica e P.I.","SISTEMAS DE COMPUTACAO"],
                           "values":[2010,2,2,2,1,0,1,0,3,0.3684,255.0000,6],"images":null },
               { "id":56,"idBD":1473, "labels":["ROMAN, F.","Fernando Roman","Participante Externo","Computacao Grafica e P.I.","SISTEMAS DE COMPUTACAO"],
                           "values":[2010,1,1,1,0,0,1,0,3,0.2872,0.0000,2],"images":null },
               { "id":57,"idBD":1474, "labels":["SILVEIRA, R.","Renato Silveira","Discente","Computacao Grafica e P.I.","SISTEMAS DE COMPUTACAO"],
                           "values":[2010,3,3,3,1,0,2,0,3,0.2932,0.6667,5],"images":null },
               { "id":58,"idBD":1476, "labels":["GOMEZ, P. M. A.","Pivel, Maria Alejandra Gomez","Participante Externo","Computacao Grafica e P.I.","SISTEMAS DE COMPUTACAO"],
                           "values":[2010,1,1,1,1,0,0,0,5,0.3128,0.0000,1],"images":null },
               { "id":59,"idBD":1477, "labels":["FISCHER, L. G.","LEONARDO GARCIA FISCHER","Discente","Computacao Grafica e P.I.","SISTEMAS DE COMPUTACAO"],
                           "values":[2010,1,1,1,0,0,1,0,3,0.2917,0.0000,4],"images":null },
               { "id":60,"idBD":1478, "labels":["FERREIRA, J. A. S.","Jose Antonio Salini Ferreira","Participante Externo","Computacao Grafica e P.I.","SISTEMAS DE COMPUTACAO"],
                           "values":[2010,1,1,1,0,0,1,0,3,0.2917,0.0000,4],"images":null },
               { "id":61,"idBD":1485, "labels":["SCHMITZ, L. A.","Leonardo Augusto Schmitz","Participante Externo","Computacao Grafica e P.I.","SISTEMAS DE COMPUTACAO"],
                           "values":[2010,1,1,1,1,0,0,0,7,0.2800,0.0000,4],"images":null },
               { "id":62,"idBD":1486, "labels":["OSMARI, D. K.","Daniel Kohler Osmari","Discente","Computacao Grafica e P.I.","SISTEMAS DE COMPUTACAO"],
                           "values":[2010,1,1,1,1,0,0,0,7,0.2800,0.0000,4],"images":null },
               { "id":63,"idBD":1502, "labels":["CANETE, S. C.","SAMANTHA DE CASTRO CANETE","Discente","Computacao Grafica e P.I.","SISTEMAS DE COMPUTACAO"],
                           "values":[2010,1,1,1,0,0,1,0,5,0.3636,0.0000,5],"images":null },
               { "id":64,"idBD":1503, "labels":["TAVARES, D. L. M.","DENISON LINUS DA MOTTA TAVARES","Participante Externo","Computacao Grafica e P.I.","SISTEMAS DE COMPUTACAO"],
                           "values":[2010,2,2,2,0,0,2,0,5,0.4211,735.0000,6],"images":null },
               { "id":65,"idBD":1504, "labels":["CORDEIRO-ESTRELA, P.","Pedro Cordeiro-Estrela","Participante Externo","Computacao Grafica e P.I.","SISTEMAS DE COMPUTACAO"],
                           "values":[2010,1,1,1,0,0,1,0,5,0.3636,0.0000,5],"images":null },
               { "id":66,"idBD":1513, "labels":["FREITAS, T. R. O.","Thales Renato Ochotorena de Freitas","Participante Externo","Computacao Grafica e P.I.","SISTEMAS DE COMPUTACAO"],
                           "values":[2010,1,1,1,0,0,1,0,5,0.3636,0.0000,5],"images":null },
               { "id":67,"idBD":1515, "labels":["CARVALHO, F. G.","Felipe G. Carvalho","Participante Externo","Computacao Grafica e P.I.","SISTEMAS DE COMPUTACAO"],
                           "values":[2010,2,2,2,0,0,2,0,5,0.3436,0.0000,4],"images":null },
               { "id":68,"idBD":1517, "labels":["RAPOSO, A.","Alberto Raposo","Participante Externo","Computacao Grafica e P.I.","SISTEMAS DE COMPUTACAO"],
                           "values":[2010,2,2,2,0,0,2,0,5,0.3436,0.0000,4],"images":null },
               { "id":69,"idBD":1550, "labels":["JR., L. G. S.","Luiz Gonzaga da Silveira Jr.","Participante Externo","Computacao Grafica e P.I.","SISTEMAS DE COMPUTACAO"],
                           "values":[2010,1,1,1,0,0,1,3,4,0.5517,0.0000,3],"images":null },
               { "id":70,"idBD":1551, "labels":["MINOTTO, V. P.","Vicente Peruffo Minotto","Participante Externo","Computacao Grafica e P.I.","SISTEMAS DE COMPUTACAO"],
                           "values":[2010,1,1,1,0,0,1,3,4,0.5517,0.0000,3],"images":null },
               { "id":71,"idBD":1552, "labels":["BISSI, F.","Fernando Bissi","Participante Externo","Computacao Grafica e P.I.","SISTEMAS DE COMPUTACAO"],
                           "values":[2010,1,1,1,0,0,1,0,7,0.2786,0.0000,3],"images":null },
               { "id":72,"idBD":1553, "labels":["LEE, B.","Bowon Lee","Participante Externo","Computacao Grafica e P.I.","SISTEMAS DE COMPUTACAO"],
                           "values":[2010,1,1,1,0,0,1,3,4,0.5517,0.0000,3],"images":null },
               { "id":73,"idBD":1554, "labels":["JR, J. C. S. J.","Julio Cezar Silveira Jacques Jr","Participante Externo","Computacao Grafica e P.I.","SISTEMAS DE COMPUTACAO"],
                           "values":[2010,3,3,3,2,0,1,3,4,0.6400,2.0000,7],"images":null },
               { "id":74,"idBD":1555, "labels":["SCHEIDEGGER, L. F.","Luis Fernando Scheidegger","Discente","Computacao Grafica e P.I.","SISTEMAS DE COMPUTACAO"],
                           "values":[2010,2,2,2,1,0,1,0,2,0.2843,4.5000,7],"images":null },
               { "id":75,"idBD":1557, "labels":["DIHL, L. L.","Leandro Lorenzett Dihl","Participante Externo","Computacao Grafica e P.I.","SISTEMAS DE COMPUTACAO"],
                           "values":[2010,1,1,1,0,0,1,3,4,0.5926,0.0000,5],"images":null },
               { "id":76,"idBD":1560, "labels":["THIELO, M. R.","Marcelo Resende Thielo","Participante Externo","Computacao Grafica e P.I.","SISTEMAS DE COMPUTACAO"],
                           "values":[2010,1,1,1,0,0,1,3,4,0.5926,0.0000,5],"images":null },
               { "id":77,"idBD":1563, "labels":["KESHET, R.","Renato Keshet","Participante Externo","Computacao Grafica e P.I.","SISTEMAS DE COMPUTACAO"],
                           "values":[2010,1,1,1,0,0,1,3,4,0.5926,0.0000,5],"images":null },
               { "id":78,"idBD":1565, "labels":["MUSSE, S. R.","Soraia Raupp Musse","Participante Externo","Computacao Grafica e P.I.","SISTEMAS DE COMPUTACAO"],
                           "values":[2010,4,4,4,3,0,1,3,4,0.7619,14.0000,11],"images":null },
               { "id":79,"idBD":1567, "labels":["PAROLIN, A.","Alessandro Parolin","Participante Externo","Computacao Grafica e P.I.","SISTEMAS DE COMPUTACAO"],
                           "values":[2010,1,1,1,0,0,1,3,4,0.5333,0.0000,2],"images":null },
               { "id":80,"idBD":1569, "labels":["HERZER, E.","Eduardo Herzer","Participante Externo","Computacao Grafica e P.I.","SISTEMAS DE COMPUTACAO"],
                           "values":[2010,1,1,1,0,0,1,3,4,0.5333,0.0000,2],"images":null },
               { "id":81,"idBD":1591, "labels":["PAMPLONA, V. F.","Vitor Fernando Pamplona","Discente","Computacao Grafica e P.I.","SISTEMAS DE COMPUTACAO"],
                           "values":[2010,2,2,2,1,0,1,0,6,0.2222,0.0000,3],"images":null },
               { "id":82,"idBD":1592, "labels":["MOHAN, A.","Ankit Mohan","Participante Externo","Computacao Grafica e P.I.","SISTEMAS DE COMPUTACAO"],
                           "values":[2010,2,2,2,1,0,1,0,6,0.2222,0.0000,3],"images":null },
               { "id":83,"idBD":1593, "labels":["RASKAR, R.","Ramesh Raskar","Participante Externo","Computacao Grafica e P.I.","SISTEMAS DE COMPUTACAO"],
                           "values":[2010,2,2,2,1,0,1,0,6,0.2222,0.0000,3],"images":null },
               { "id":84,"idBD":1606, "labels":["WELFER, D.","DANIEL WELFER","Discente","Computacao Grafica e P.I.","SISTEMAS DE COMPUTACAO"],
                           "values":[2010,3,3,3,2,0,1,2,1,0.5556,0.0000,2],"images":null },
               { "id":85,"idBD":1611, "labels":["MARINHO, D. R.","Diane R. Marinho","Participante Externo","Computacao Grafica e P.I.","SISTEMAS DE COMPUTACAO"],
                           "values":[2010,3,3,3,2,0,1,2,1,0.5556,0.0000,2],"images":null },
               { "id":86,"idBD":1613, "labels":["RAMOS, Y. D. Y.","YESSENIA DEYSI YARI RAMOS","Discente","Computacao Grafica e P.I.","SISTEMAS DE COMPUTACAO"],
                           "values":[2010,2,2,2,0,0,2,2,1,0.5556,0.0000,2],"images":null },
               { "id":87,"idBD":1615, "labels":["CAVALCANTI, P. G.","PABLO GAUTERIO CAVALCANTI","Discente","Computacao Grafica e P.I.","SISTEMAS DE COMPUTACAO"],
                           "values":[2010,3,3,3,0,0,3,2,1,0.5882,0.5000,3],"images":null },
               { "id":88,"idBD":1616, "labels":["LOPES, C. B. O.","Carlos Bruno Oliveira Lopes","Discente","Computacao Grafica e P.I.","SISTEMAS DE COMPUTACAO"],
                           "values":[2010,1,1,1,0,0,1,2,1,0.5556,0.0000,2],"images":null },
               { "id":89,"idBD":1617, "labels":["BRAYNER, F. L.","Fernando L. Brayner","Participante Externo","Computacao Grafica e P.I.","SISTEMAS DE COMPUTACAO"],
                           "values":[2010,1,1,1,0,0,1,0,2,0.2267,0.0000,1],"images":null },
               { "id":90,"idBD":1618, "labels":["WALTER, M.","Marcelo Walter","Docente","Computacao Grafica e P.I.","SISTEMAS DE COMPUTACAO"],
                           "values":[2010,4,4,4,1,0,3,0,2,0.2917,213.0000,8],"images":null },
               { "id":91,"idBD":1619, "labels":["OLIVEIRA, G. N.","GUILHERME DO NASCIMENTO OLIVEIRA","Discente","Computacao Grafica e P.I.","SISTEMAS DE COMPUTACAO"],
                           "values":[2010,2,2,2,0,0,2,0,2,0.2872,1.2500,5],"images":null },
               { "id":92,"idBD":1621, "labels":["PASSOS, V. A.","Vladimir Alves dos Passos","Participante Externo","Computacao Grafica e P.I.","SISTEMAS DE COMPUTACAO"],
                           "values":[2010,1,1,1,0,0,1,0,2,0.2276,0.0000,2],"images":null }
           ]
        },
      "edges" : { 
           "labelTitle": null,
           "valueTitle": [ "Qt Publications","Qt Journals","Qt Books", "Qt Proceedings","2010",
                          "English","Portuguese","Spanish","German","French",
                          "Comp. Grafica e P.I.",
                          "Natureza N.I.","Trabalho Completo","Resumo","Cap�tulo","Texto Integral","Resumo Expandido","Outro",
                          "Area N.I.","Sistemas de Computacao","Sistemas de Informacao","Inteligencia Artificial","Eng. da Computacao","Informatica Te�rica"],
           "dataEdges": [
                  { "src":12, "tgt":42, "labels":null, "values":[1,0,0,1,1,0,1,0,0,0,1,0,1,0,0,0,0,0,0,1,0,0,0,0] },
                  { "src":51, "tgt":78, "labels":null, "values":[1,1,0,0,1,1,0,0,0,0,1,0,1,0,0,0,0,0,0,1,0,0,0,0] },
                  { "src":16, "tgt":24, "labels":null, "values":[1,0,0,1,1,0,1,0,0,0,1,0,1,0,0,0,0,0,0,1,0,0,0,0] },
                  { "src":63, "tgt":66, "labels":null, "values":[1,0,0,1,1,0,1,0,0,0,1,0,1,0,0,0,0,0,0,1,0,0,0,0] },
                  { "src":10, "tgt":12, "labels":null, "values":[1,0,0,1,1,0,1,0,0,0,1,0,1,0,0,0,0,0,0,1,0,0,0,0] },
                  { "src":20, "tgt":24, "labels":null, "values":[1,0,0,1,1,0,1,0,0,0,1,0,1,0,0,0,0,0,0,1,0,0,0,0] },
                  { "src":76, "tgt":78, "labels":null, "values":[1,0,0,1,1,1,0,0,0,0,1,1,0,0,0,0,0,0,0,1,0,0,0,0] },
                  { "src":34, "tgt":40, "labels":null, "values":[1,0,0,1,1,1,0,0,0,0,1,1,0,0,0,0,0,0,0,1,0,0,0,0] },
                  { "src":2, "tgt":63, "labels":null, "values":[1,0,0,1,1,0,1,0,0,0,1,0,1,0,0,0,0,0,0,1,0,0,0,0] },
                  { "src":49, "tgt":51, "labels":null, "values":[1,1,0,0,1,1,0,0,0,0,1,0,1,0,0,0,0,0,0,1,0,0,0,0] },
                  { "src":4, "tgt":27, "labels":null, "values":[1,0,0,1,1,0,1,0,0,0,1,0,1,0,0,0,0,0,0,1,0,0,0,0] },
                  { "src":6, "tgt":49, "labels":null, "values":[1,1,0,0,1,1,0,0,0,0,1,0,1,0,0,0,0,0,0,1,0,0,0,0] },
                  { "src":2, "tgt":14, "labels":null, "values":[1,0,0,1,1,0,1,0,0,0,1,0,1,0,0,0,0,0,0,1,0,0,0,0] },
                  { "src":31, "tgt":34, "labels":null, "values":[1,0,0,1,1,0,1,0,0,0,1,0,0,1,0,0,0,0,0,1,0,0,0,0] },
                  { "src":79, "tgt":80, "labels":null, "values":[1,0,0,1,1,0,1,0,0,0,1,0,1,0,0,0,0,0,0,1,0,0,0,0] },
                  { "src":73, "tgt":77, "labels":null, "values":[1,0,0,1,1,1,0,0,0,0,1,1,0,0,0,0,0,0,0,1,0,0,0,0] },
                  { "src":29, "tgt":45, "labels":null, "values":[1,0,1,0,1,0,1,0,0,0,1,0,0,0,1,0,0,0,0,1,0,0,0,0] },
                  { "src":5, "tgt":29, "labels":null, "values":[1,0,1,0,1,0,1,0,0,0,1,0,0,0,1,0,0,0,0,1,0,0,0,0] },
                  { "src":4, "tgt":61, "labels":null, "values":[1,1,0,0,1,0,1,0,0,0,1,0,1,0,0,0,0,0,0,1,0,0,0,0] },
                  { "src":30, "tgt":45, "labels":null, "values":[1,0,1,0,1,0,1,0,0,0,1,0,0,0,1,0,0,0,0,1,0,0,0,0] },
                  { "src":13, "tgt":36, "labels":null, "values":[1,0,0,1,1,0,1,0,0,0,1,0,1,0,0,0,0,0,0,1,0,0,0,0] },
                  { "src":5, "tgt":90, "labels":null, "values":[1,0,0,1,1,0,1,0,0,0,1,0,1,0,0,0,0,0,0,1,0,0,0,0] },
                  { "src":9, "tgt":15, "labels":null, "values":[1,1,0,0,1,1,0,0,0,0,1,0,1,0,0,0,0,0,0,1,0,0,0,0] },
                  { "src":11, "tgt":21, "labels":null, "values":[1,0,0,1,1,1,0,0,0,0,1,0,1,0,0,0,0,0,0,1,0,0,0,0] },
                  { "src":5, "tgt":45, "labels":null, "values":[2,0,2,0,2,0,2,0,0,0,2,0,0,0,2,0,0,0,0,2,0,0,0,0] },
                  { "src":35, "tgt":57, "labels":null, "values":[1,1,0,0,1,1,0,0,0,0,1,0,1,0,0,0,0,0,0,1,0,0,0,0] },
                  { "src":81, "tgt":82, "labels":null, "values":[2,1,0,1,2,2,0,0,0,0,2,0,1,1,0,0,0,0,0,2,0,0,0,0] },
                  { "src":64, "tgt":65, "labels":null, "values":[1,0,0,1,1,0,1,0,0,0,1,0,1,0,0,0,0,0,0,1,0,0,0,0] },
                  { "src":77, "tgt":78, "labels":null, "values":[1,0,0,1,1,1,0,0,0,0,1,1,0,0,0,0,0,0,0,1,0,0,0,0] },
                  { "src":2, "tgt":67, "labels":null, "values":[2,0,0,2,2,0,2,0,0,0,2,1,1,0,0,0,0,0,0,2,0,0,0,0] },
                  { "src":2, "tgt":55, "labels":null, "values":[1,0,0,1,1,1,0,0,0,0,1,0,1,0,0,0,0,0,0,1,0,0,0,0] },
                  { "src":9, "tgt":85, "labels":null, "values":[3,2,0,1,3,3,0,0,0,0,3,0,3,0,0,0,0,0,0,3,0,0,0,0] },
                  { "src":0, "tgt":33, "labels":null, "values":[1,0,0,1,1,0,1,0,0,0,1,0,1,0,0,0,0,0,0,1,0,0,0,0] },
                  { "src":4, "tgt":45, "labels":null, "values":[1,0,1,0,1,0,1,0,0,0,1,0,0,0,1,0,0,0,0,1,0,0,0,0] },
                  { "src":19, "tgt":67, "labels":null, "values":[2,0,0,2,2,0,2,0,0,0,2,1,1,0,0,0,0,0,0,2,0,0,0,0] },
                  { "src":10, "tgt":36, "labels":null, "values":[1,0,0,1,1,0,1,0,0,0,1,0,1,0,0,0,0,0,0,1,0,0,0,0] },
                  { "src":19, "tgt":68, "labels":null, "values":[2,0,0,2,2,0,2,0,0,0,2,1,1,0,0,0,0,0,0,2,0,0,0,0] },
                  { "src":9, "tgt":11, "labels":null, "values":[1,0,0,1,1,1,0,0,0,0,1,0,1,0,0,0,0,0,0,1,0,0,0,0] },
                  { "src":34, "tgt":37, "labels":null, "values":[1,0,0,1,1,1,0,0,0,0,1,0,1,0,0,0,0,0,0,1,0,0,0,0] },
                  { "src":40, "tgt":43, "labels":null, "values":[1,0,0,1,1,1,0,0,0,0,1,1,0,0,0,0,0,0,0,1,0,0,0,0] },
                  { "src":5, "tgt":74, "labels":null, "values":[2,1,0,1,2,1,1,0,0,0,2,0,2,0,0,0,0,0,0,2,0,0,0,0] },
                  { "src":7, "tgt":57, "labels":null, "values":[3,1,0,2,3,2,1,0,0,0,3,0,3,0,0,0,0,0,0,3,0,0,0,0] },
                  { "src":73, "tgt":76, "labels":null, "values":[1,0,0,1,1,1,0,0,0,0,1,1,0,0,0,0,0,0,0,1,0,0,0,0] },
                  { "src":0, "tgt":57, "labels":null, "values":[3,1,0,2,3,2,1,0,0,0,3,0,3,0,0,0,0,0,0,3,0,0,0,0] },
                  { "src":2, "tgt":34, "labels":null, "values":[1,0,0,1,1,1,0,0,0,0,1,0,1,0,0,0,0,0,0,1,0,0,0,0] },
                  { "src":89, "tgt":90, "labels":null, "values":[1,0,0,1,1,0,1,0,0,0,1,0,1,0,0,0,0,0,0,1,0,0,0,0] },
                  { "src":2, "tgt":17, "labels":null, "values":[1,0,1,0,1,0,1,0,0,0,1,0,0,0,1,0,0,0,0,1,0,0,0,0] },
                  { "src":2, "tgt":64, "labels":null, "values":[1,0,0,1,1,0,1,0,0,0,1,0,1,0,0,0,0,0,0,1,0,0,0,0] },
                  { "src":2, "tgt":38, "labels":null, "values":[1,0,0,1,1,1,0,0,0,0,1,0,1,0,0,0,0,0,0,1,0,0,0,0] },
                  { "src":0, "tgt":59, "labels":null, "values":[1,0,0,1,1,0,1,0,0,0,1,0,1,0,0,0,0,0,0,1,0,0,0,0] },
                  { "src":9, "tgt":84, "labels":null, "values":[3,2,0,1,3,3,0,0,0,0,3,0,3,0,0,0,0,0,0,3,0,0,0,0] },
                  { "src":2, "tgt":68, "labels":null, "values":[2,0,0,2,2,0,2,0,0,0,2,1,1,0,0,0,0,0,0,2,0,0,0,0] },
                  { "src":32, "tgt":34, "labels":null, "values":[1,0,0,1,1,0,1,0,0,0,1,0,1,0,0,0,0,0,0,1,0,0,0,0] },
                  { "src":67, "tgt":68, "labels":null, "values":[2,0,0,2,2,0,2,0,0,0,2,1,1,0,0,0,0,0,0,2,0,0,0,0] },
                  { "src":6, "tgt":73, "labels":null, "values":[3,2,0,1,3,3,0,0,0,0,3,1,2,0,0,0,0,0,0,3,0,0,0,0] },
                  { "src":48, "tgt":78, "labels":null, "values":[1,1,0,0,1,1,0,0,0,0,1,0,1,0,0,0,0,0,0,1,0,0,0,0] },
                  { "src":0, "tgt":7, "labels":null, "values":[3,1,0,2,3,2,1,0,0,0,3,0,3,0,0,0,0,0,0,3,0,0,0,0] },
                  { "src":14, "tgt":65, "labels":null, "values":[1,0,0,1,1,0,1,0,0,0,1,0,1,0,0,0,0,0,0,1,0,0,0,0] },
                  { "src":75, "tgt":78, "labels":null, "values":[1,0,0,1,1,1,0,0,0,0,1,1,0,0,0,0,0,0,0,1,0,0,0,0] },
                  { "src":69, "tgt":70, "labels":null, "values":[1,0,0,1,1,0,1,0,0,0,1,0,1,0,0,0,0,0,0,1,0,0,0,0] },
                  { "src":7, "tgt":59, "labels":null, "values":[1,0,0,1,1,0,1,0,0,0,1,0,1,0,0,0,0,0,0,1,0,0,0,0] },
                  { "src":20, "tgt":36, "labels":null, "values":[1,0,0,1,1,0,1,0,0,0,1,0,1,0,0,0,0,0,0,1,0,0,0,0] },
                  { "src":1, "tgt":81, "labels":null, "values":[2,1,0,1,2,2,0,0,0,0,2,0,1,1,0,0,0,0,0,2,0,0,0,0] },
                  { "src":6, "tgt":70, "labels":null, "values":[1,0,0,1,1,0,1,0,0,0,1,0,1,0,0,0,0,0,0,1,0,0,0,0] },
                  { "src":3, "tgt":17, "labels":null, "values":[1,0,1,0,1,0,1,0,0,0,1,0,0,0,1,0,0,0,0,1,0,0,0,0] },
                  { "src":6, "tgt":48, "labels":null, "values":[1,1,0,0,1,1,0,0,0,0,1,0,1,0,0,0,0,0,0,1,0,0,0,0] },
                  { "src":46, "tgt":90, "labels":null, "values":[1,0,0,1,1,0,1,0,0,0,1,0,1,0,0,0,0,0,0,1,0,0,0,0] },
                  { "src":70, "tgt":72, "labels":null, "values":[1,0,0,1,1,0,1,0,0,0,1,0,1,0,0,0,0,0,0,1,0,0,0,0] },
                  { "src":14, "tgt":63, "labels":null, "values":[1,0,0,1,1,0,1,0,0,0,1,0,1,0,0,0,0,0,0,1,0,0,0,0] },
                  { "src":13, "tgt":24, "labels":null, "values":[1,0,0,1,1,0,1,0,0,0,1,0,1,0,0,0,0,0,0,1,0,0,0,0] },
                  { "src":9, "tgt":22, "labels":null, "values":[1,0,0,1,1,1,0,0,0,0,1,0,1,0,0,0,0,0,0,1,0,0,0,0] },
                  { "src":2, "tgt":65, "labels":null, "values":[1,0,0,1,1,0,1,0,0,0,1,0,1,0,0,0,0,0,0,1,0,0,0,0] },
                  { "src":4, "tgt":62, "labels":null, "values":[1,1,0,0,1,0,1,0,0,0,1,0,1,0,0,0,0,0,0,1,0,0,0,0] },
                  { "src":57, "tgt":59, "labels":null, "values":[1,0,0,1,1,0,1,0,0,0,1,0,1,0,0,0,0,0,0,1,0,0,0,0] },
                  { "src":0, "tgt":68, "labels":null, "values":[2,0,0,2,2,0,2,0,0,0,2,1,1,0,0,0,0,0,0,2,0,0,0,0] },
                  { "src":29, "tgt":47, "labels":null, "values":[1,0,1,0,1,0,1,0,0,0,1,0,0,0,1,0,0,0,0,1,0,0,0,0] },
                  { "src":0, "tgt":38, "labels":null, "values":[1,0,0,1,1,1,0,0,0,0,1,0,1,0,0,0,0,0,0,1,0,0,0,0] },
                  { "src":10, "tgt":20, "labels":null, "values":[1,0,0,1,1,0,1,0,0,0,1,0,1,0,0,0,0,0,0,1,0,0,0,0] },
                  { "src":0, "tgt":31, "labels":null, "values":[1,0,0,1,1,0,1,0,0,0,1,0,0,1,0,0,0,0,0,1,0,0,0,0] },
                  { "src":28, "tgt":30, "labels":null, "values":[1,0,1,0,1,0,1,0,0,0,1,0,0,0,1,0,0,0,0,1,0,0,0,0] },
                  { "src":34, "tgt":43, "labels":null, "values":[1,0,0,1,1,1,0,0,0,0,1,1,0,0,0,0,0,0,0,1,0,0,0,0] },
                  { "src":34, "tgt":38, "labels":null, "values":[1,0,0,1,1,1,0,0,0,0,1,0,1,0,0,0,0,0,0,1,0,0,0,0] },
                  { "src":41, "tgt":90, "labels":null, "values":[1,0,0,1,1,1,0,0,0,0,1,0,1,0,0,0,0,0,0,1,0,0,0,0] },
                  { "src":34, "tgt":55, "labels":null, "values":[1,0,0,1,1,1,0,0,0,0,1,0,1,0,0,0,0,0,0,1,0,0,0,0] },
                  { "src":9, "tgt":88, "labels":null, "values":[1,0,0,1,1,0,1,0,0,0,1,0,1,0,0,0,0,0,0,1,0,0,0,0] },
                  { "src":46, "tgt":91, "labels":null, "values":[2,0,0,2,2,1,1,0,0,0,2,0,2,0,0,0,0,0,0,2,0,0,0,0] },
                  { "src":73, "tgt":78, "labels":null, "values":[3,2,0,1,3,3,0,0,0,0,3,1,2,0,0,0,0,0,0,3,0,0,0,0] },
                  { "src":2, "tgt":23, "labels":null, "values":[2,0,0,2,2,1,1,0,0,0,2,0,2,0,0,0,0,0,0,2,0,0,0,0] },
                  { "src":0, "tgt":34, "labels":null, "values":[5,0,0,5,5,2,3,0,0,0,5,1,3,1,0,0,0,0,0,5,0,0,0,0] },
                  { "src":6, "tgt":52, "labels":null, "values":[1,1,0,0,1,1,0,0,0,0,1,0,1,0,0,0,0,0,0,1,0,0,0,0] },
                  { "src":2, "tgt":58, "labels":null, "values":[1,1,0,0,1,1,0,0,0,0,1,0,1,0,0,0,0,0,0,1,0,0,0,0] },
                  { "src":52, "tgt":78, "labels":null, "values":[1,1,0,0,1,1,0,0,0,0,1,0,1,0,0,0,0,0,0,1,0,0,0,0] },
                  { "src":14, "tgt":64, "labels":null, "values":[1,0,0,1,1,0,1,0,0,0,1,0,1,0,0,0,0,0,0,1,0,0,0,0] },
                  { "src":81, "tgt":83, "labels":null, "values":[2,1,0,1,2,2,0,0,0,0,2,0,1,1,0,0,0,0,0,2,0,0,0,0] },
                  { "src":9, "tgt":87, "labels":null, "values":[3,0,0,3,3,2,1,0,0,0,3,0,3,0,0,0,0,0,0,3,0,0,0,0] },
                  { "src":0, "tgt":56, "labels":null, "values":[1,0,0,1,1,0,1,0,0,0,1,0,1,0,0,0,0,0,0,1,0,0,0,0] },
                  { "src":34, "tgt":56, "labels":null, "values":[1,0,0,1,1,0,1,0,0,0,1,0,1,0,0,0,0,0,0,1,0,0,0,0] },
                  { "src":76, "tgt":77, "labels":null, "values":[1,0,0,1,1,1,0,0,0,0,1,1,0,0,0,0,0,0,0,1,0,0,0,0] },
                  { "src":10, "tgt":16, "labels":null, "values":[1,0,0,1,1,0,1,0,0,0,1,0,1,0,0,0,0,0,0,1,0,0,0,0] },
                  { "src":6, "tgt":80, "labels":null, "values":[1,0,0,1,1,0,1,0,0,0,1,0,1,0,0,0,0,0,0,1,0,0,0,0] },
                  { "src":4, "tgt":44, "labels":null, "values":[1,0,1,0,1,0,1,0,0,0,1,0,0,0,1,0,0,0,0,1,0,0,0,0] },
                  { "src":64, "tgt":66, "labels":null, "values":[1,0,0,1,1,0,1,0,0,0,1,0,1,0,0,0,0,0,0,1,0,0,0,0] },
                  { "src":5, "tgt":30, "labels":null, "values":[1,0,1,0,1,0,1,0,0,0,1,0,0,0,1,0,0,0,0,1,0,0,0,0] },
                  { "src":6, "tgt":51, "labels":null, "values":[1,1,0,0,1,1,0,0,0,0,1,0,1,0,0,0,0,0,0,1,0,0,0,0] },
                  { "src":16, "tgt":42, "labels":null, "values":[1,0,0,1,1,0,1,0,0,0,1,0,1,0,0,0,0,0,0,1,0,0,0,0] },
                  { "src":18, "tgt":48, "labels":null, "values":[1,1,0,0,1,1,0,0,0,0,1,0,1,0,0,0,0,0,0,1,0,0,0,0] },
                  { "src":2, "tgt":19, "labels":null, "values":[2,0,0,2,2,0,2,0,0,0,2,1,1,0,0,0,0,0,0,2,0,0,0,0] },
                  { "src":28, "tgt":29, "labels":null, "values":[1,0,1,0,1,0,1,0,0,0,1,0,0,0,1,0,0,0,0,1,0,0,0,0] },
                  { "src":13, "tgt":16, "labels":null, "values":[1,0,0,1,1,0,1,0,0,0,1,0,1,0,0,0,0,0,0,1,0,0,0,0] },
                  { "src":20, "tgt":42, "labels":null, "values":[1,0,0,1,1,0,1,0,0,0,1,0,1,0,0,0,0,0,0,1,0,0,0,0] },
                  { "src":62, "tgt":74, "labels":null, "values":[1,1,0,0,1,0,1,0,0,0,1,0,1,0,0,0,0,0,0,1,0,0,0,0] },
                  { "src":6, "tgt":79, "labels":null, "values":[1,0,0,1,1,0,1,0,0,0,1,0,1,0,0,0,0,0,0,1,0,0,0,0] },
                  { "src":5, "tgt":28, "labels":null, "values":[1,0,1,0,1,0,1,0,0,0,1,0,0,0,1,0,0,0,0,1,0,0,0,0] },
                  { "src":63, "tgt":64, "labels":null, "values":[1,0,0,1,1,0,1,0,0,0,1,0,1,0,0,0,0,0,0,1,0,0,0,0] },
                  { "src":9, "tgt":25, "labels":null, "values":[1,0,0,1,1,1,0,0,0,0,1,0,1,0,0,0,0,0,0,1,0,0,0,0] },
                  { "src":0, "tgt":43, "labels":null, "values":[1,0,0,1,1,1,0,0,0,0,1,1,0,0,0,0,0,0,0,1,0,0,0,0] },
                  { "src":7, "tgt":35, "labels":null, "values":[1,1,0,0,1,1,0,0,0,0,1,0,1,0,0,0,0,0,0,1,0,0,0,0] },
                  { "src":13, "tgt":20, "labels":null, "values":[1,0,0,1,1,0,1,0,0,0,1,0,1,0,0,0,0,0,0,1,0,0,0,0] },
                  { "src":1, "tgt":83, "labels":null, "values":[2,1,0,1,2,2,0,0,0,0,2,0,1,1,0,0,0,0,0,2,0,0,0,0] },
                  { "src":0, "tgt":35, "labels":null, "values":[1,1,0,0,1,1,0,0,0,0,1,0,1,0,0,0,0,0,0,1,0,0,0,0] },
                  { "src":0, "tgt":39, "labels":null, "values":[1,0,0,1,1,1,0,0,0,0,1,1,0,0,0,0,0,0,0,1,0,0,0,0] },
                  { "src":5, "tgt":26, "labels":null, "values":[2,0,0,2,2,1,1,0,0,0,2,0,2,0,0,0,0,0,0,2,0,0,0,0] },
                  { "src":4, "tgt":74, "labels":null, "values":[1,1,0,0,1,0,1,0,0,0,1,0,1,0,0,0,0,0,0,1,0,0,0,0] },
                  { "src":0, "tgt":55, "labels":null, "values":[1,0,0,1,1,1,0,0,0,0,1,0,1,0,0,0,0,0,0,1,0,0,0,0] },
                  { "src":50, "tgt":52, "labels":null, "values":[1,1,0,0,1,1,0,0,0,0,1,0,1,0,0,0,0,0,0,1,0,0,0,0] },
                  { "src":82, "tgt":83, "labels":null, "values":[2,1,0,1,2,2,0,0,0,0,2,0,1,1,0,0,0,0,0,2,0,0,0,0] },
                  { "src":5, "tgt":91, "labels":null, "values":[2,0,0,2,2,1,1,0,0,0,2,0,2,0,0,0,0,0,0,2,0,0,0,0] },
                  { "src":39, "tgt":40, "labels":null, "values":[1,0,0,1,1,1,0,0,0,0,1,1,0,0,0,0,0,0,0,1,0,0,0,0] },
                  { "src":61, "tgt":74, "labels":null, "values":[1,1,0,0,1,0,1,0,0,0,1,0,1,0,0,0,0,0,0,1,0,0,0,0] },
                  { "src":90, "tgt":92, "labels":null, "values":[1,0,0,1,1,1,0,0,0,0,1,0,1,0,0,0,0,0,0,1,0,0,0,0] },
                  { "src":6, "tgt":50, "labels":null, "values":[1,1,0,0,1,1,0,0,0,0,1,0,1,0,0,0,0,0,0,1,0,0,0,0] },
                  { "src":27, "tgt":71, "labels":null, "values":[1,0,0,1,1,0,1,0,0,0,1,0,1,0,0,0,0,0,0,1,0,0,0,0] },
                  { "src":75, "tgt":76, "labels":null, "values":[1,0,0,1,1,1,0,0,0,0,1,1,0,0,0,0,0,0,0,1,0,0,0,0] },
                  { "src":18, "tgt":73, "labels":null, "values":[1,1,0,0,1,1,0,0,0,0,1,0,1,0,0,0,0,0,0,1,0,0,0,0] },
                  { "src":61, "tgt":62, "labels":null, "values":[1,1,0,0,1,0,1,0,0,0,1,0,1,0,0,0,0,0,0,1,0,0,0,0] },
                  { "src":39, "tgt":43, "labels":null, "values":[1,0,0,1,1,1,0,0,0,0,1,1,0,0,0,0,0,0,0,1,0,0,0,0] },
                  { "src":36, "tgt":42, "labels":null, "values":[1,0,0,1,1,0,1,0,0,0,1,0,1,0,0,0,0,0,0,1,0,0,0,0] },
                  { "src":37, "tgt":38, "labels":null, "values":[1,0,0,1,1,1,0,0,0,0,1,0,1,0,0,0,0,0,0,1,0,0,0,0] },
                  { "src":18, "tgt":78, "labels":null, "values":[1,1,0,0,1,1,0,0,0,0,1,0,1,0,0,0,0,0,0,1,0,0,0,0] },
                  { "src":37, "tgt":55, "labels":null, "values":[1,0,0,1,1,1,0,0,0,0,1,0,1,0,0,0,0,0,0,1,0,0,0,0] },
                  { "src":86, "tgt":87, "labels":null, "values":[2,0,0,2,2,2,0,0,0,0,2,0,2,0,0,0,0,0,0,2,0,0,0,0] },
                  { "src":0, "tgt":2, "labels":null, "values":[3,0,0,3,3,1,2,0,0,0,3,1,2,0,0,0,0,0,0,3,0,0,0,0] },
                  { "src":12, "tgt":36, "labels":null, "values":[1,0,0,1,1,0,1,0,0,0,1,0,1,0,0,0,0,0,0,1,0,0,0,0] },
                  { "src":0, "tgt":67, "labels":null, "values":[2,0,0,2,2,0,2,0,0,0,2,1,1,0,0,0,0,0,0,2,0,0,0,0] },
                  { "src":41, "tgt":92, "labels":null, "values":[1,0,0,1,1,1,0,0,0,0,1,0,1,0,0,0,0,0,0,1,0,0,0,0] },
                  { "src":5, "tgt":47, "labels":null, "values":[1,0,1,0,1,0,1,0,0,0,1,0,0,0,1,0,0,0,0,1,0,0,0,0] },
                  { "src":14, "tgt":66, "labels":null, "values":[1,0,0,1,1,0,1,0,0,0,1,0,1,0,0,0,0,0,0,1,0,0,0,0] },
                  { "src":73, "tgt":75, "labels":null, "values":[1,0,0,1,1,1,0,0,0,0,1,1,0,0,0,0,0,0,0,1,0,0,0,0] },
                  { "src":16, "tgt":36, "labels":null, "values":[1,0,0,1,1,0,1,0,0,0,1,0,1,0,0,0,0,0,0,1,0,0,0,0] },
                  { "src":12, "tgt":13, "labels":null, "values":[1,0,0,1,1,0,1,0,0,0,1,0,1,0,0,0,0,0,0,1,0,0,0,0] },
                  { "src":12, "tgt":20, "labels":null, "values":[1,0,0,1,1,0,1,0,0,0,1,0,1,0,0,0,0,0,0,1,0,0,0,0] },
                  { "src":46, "tgt":74, "labels":null, "values":[1,0,0,1,1,1,0,0,0,0,1,0,1,0,0,0,0,0,0,1,0,0,0,0] },
                  { "src":26, "tgt":46, "labels":null, "values":[2,0,0,2,2,1,1,0,0,0,2,0,2,0,0,0,0,0,0,2,0,0,0,0] },
                  { "src":16, "tgt":20, "labels":null, "values":[1,0,0,1,1,0,1,0,0,0,1,0,1,0,0,0,0,0,0,1,0,0,0,0] },
                  { "src":6, "tgt":78, "labels":null, "values":[4,3,0,1,4,4,0,0,0,0,4,1,3,0,0,0,0,0,0,4,0,0,0,0] },
                  { "src":28, "tgt":47, "labels":null, "values":[1,0,1,0,1,0,1,0,0,0,1,0,0,0,1,0,0,0,0,1,0,0,0,0] },
                  { "src":24, "tgt":36, "labels":null, "values":[1,0,0,1,1,0,1,0,0,0,1,0,1,0,0,0,0,0,0,1,0,0,0,0] },
                  { "src":74, "tgt":91, "labels":null, "values":[1,0,0,1,1,1,0,0,0,0,1,0,1,0,0,0,0,0,0,1,0,0,0,0] },
                  { "src":5, "tgt":44, "labels":null, "values":[1,0,1,0,1,0,1,0,0,0,1,0,0,0,1,0,0,0,0,1,0,0,0,0] },
                  { "src":6, "tgt":75, "labels":null, "values":[1,0,0,1,1,1,0,0,0,0,1,1,0,0,0,0,0,0,0,1,0,0,0,0] },
                  { "src":5, "tgt":62, "labels":null, "values":[1,1,0,0,1,0,1,0,0,0,1,0,1,0,0,0,0,0,0,1,0,0,0,0] },
                  { "src":6, "tgt":69, "labels":null, "values":[1,0,0,1,1,0,1,0,0,0,1,0,1,0,0,0,0,0,0,1,0,0,0,0] },
                  { "src":2, "tgt":3, "labels":null, "values":[1,0,1,0,1,0,1,0,0,0,1,0,0,0,1,0,0,0,0,1,0,0,0,0] },
                  { "src":0, "tgt":19, "labels":null, "values":[2,0,0,2,2,0,2,0,0,0,2,1,1,0,0,0,0,0,0,2,0,0,0,0] },
                  { "src":51, "tgt":52, "labels":null, "values":[1,1,0,0,1,1,0,0,0,0,1,0,1,0,0,0,0,0,0,1,0,0,0,0] },
                  { "src":63, "tgt":65, "labels":null, "values":[1,0,0,1,1,0,1,0,0,0,1,0,1,0,0,0,0,0,0,1,0,0,0,0] },
                  { "src":48, "tgt":73, "labels":null, "values":[1,1,0,0,1,1,0,0,0,0,1,0,1,0,0,0,0,0,0,1,0,0,0,0] },
                  { "src":0, "tgt":32, "labels":null, "values":[1,0,0,1,1,0,1,0,0,0,1,0,1,0,0,0,0,0,0,1,0,0,0,0] },
                  { "src":1, "tgt":82, "labels":null, "values":[2,1,0,1,2,2,0,0,0,0,2,0,1,1,0,0,0,0,0,2,0,0,0,0] },
                  { "src":38, "tgt":55, "labels":null, "values":[1,0,0,1,1,1,0,0,0,0,1,0,1,0,0,0,0,0,0,1,0,0,0,0] },
                  { "src":5, "tgt":71, "labels":null, "values":[1,0,0,1,1,0,1,0,0,0,1,0,1,0,0,0,0,0,0,1,0,0,0,0] },
                  { "src":65, "tgt":66, "labels":null, "values":[1,0,0,1,1,0,1,0,0,0,1,0,1,0,0,0,0,0,0,1,0,0,0,0] },
                  { "src":10, "tgt":24, "labels":null, "values":[1,0,0,1,1,0,1,0,0,0,1,0,1,0,0,0,0,0,0,1,0,0,0,0] },
                  { "src":49, "tgt":52, "labels":null, "values":[1,1,0,0,1,1,0,0,0,0,1,0,1,0,0,0,0,0,0,1,0,0,0,0] },
                  { "src":4, "tgt":71, "labels":null, "values":[1,0,0,1,1,0,1,0,0,0,1,0,1,0,0,0,0,0,0,1,0,0,0,0] },
                  { "src":6, "tgt":72, "labels":null, "values":[1,0,0,1,1,0,1,0,0,0,1,0,1,0,0,0,0,0,0,1,0,0,0,0] },
                  { "src":2, "tgt":66, "labels":null, "values":[1,0,0,1,1,0,1,0,0,0,1,0,1,0,0,0,0,0,0,1,0,0,0,0] },
                  { "src":9, "tgt":86, "labels":null, "values":[2,0,0,2,2,2,0,0,0,0,2,0,2,0,0,0,0,0,0,2,0,0,0,0] },
                  { "src":45, "tgt":47, "labels":null, "values":[1,0,1,0,1,0,1,0,0,0,1,0,0,0,1,0,0,0,0,1,0,0,0,0] },
                  { "src":26, "tgt":90, "labels":null, "values":[1,0,0,1,1,0,1,0,0,0,1,0,1,0,0,0,0,0,0,1,0,0,0,0] },
                  { "src":59, "tgt":60, "labels":null, "values":[1,0,0,1,1,0,1,0,0,0,1,0,1,0,0,0,0,0,0,1,0,0,0,0] },
                  { "src":34, "tgt":39, "labels":null, "values":[1,0,0,1,1,1,0,0,0,0,1,1,0,0,0,0,0,0,0,1,0,0,0,0] },
                  { "src":26, "tgt":91, "labels":null, "values":[2,0,0,2,2,1,1,0,0,0,2,0,2,0,0,0,0,0,0,2,0,0,0,0] },
                  { "src":44, "tgt":45, "labels":null, "values":[1,0,1,0,1,0,1,0,0,0,1,0,0,0,1,0,0,0,0,1,0,0,0,0] },
                  { "src":5, "tgt":61, "labels":null, "values":[1,1,0,0,1,0,1,0,0,0,1,0,1,0,0,0,0,0,0,1,0,0,0,0] },
                  { "src":24, "tgt":42, "labels":null, "values":[1,0,0,1,1,0,1,0,0,0,1,0,1,0,0,0,0,0,0,1,0,0,0,0] },
                  { "src":30, "tgt":47, "labels":null, "values":[1,0,1,0,1,0,1,0,0,0,1,0,0,0,1,0,0,0,0,1,0,0,0,0] },
                  { "src":84, "tgt":85, "labels":null, "values":[3,2,0,1,3,3,0,0,0,0,3,0,3,0,0,0,0,0,0,3,0,0,0,0] },
                  { "src":7, "tgt":8, "labels":null, "values":[1,0,0,1,1,1,0,0,0,0,1,0,1,0,0,0,0,0,0,1,0,0,0,0] },
                  { "src":69, "tgt":72, "labels":null, "values":[1,0,0,1,1,0,1,0,0,0,1,0,1,0,0,0,0,0,0,1,0,0,0,0] },
                  { "src":5, "tgt":46, "labels":null, "values":[2,0,0,2,2,1,1,0,0,0,2,0,2,0,0,0,0,0,0,2,0,0,0,0] },
                  { "src":13, "tgt":42, "labels":null, "values":[1,0,0,1,1,0,1,0,0,0,1,0,1,0,0,0,0,0,0,1,0,0,0,0] },
                  { "src":5, "tgt":27, "labels":null, "values":[1,0,0,1,1,0,1,0,0,0,1,0,1,0,0,0,0,0,0,1,0,0,0,0] },
                  { "src":26, "tgt":74, "labels":null, "values":[1,0,0,1,1,1,0,0,0,0,1,0,1,0,0,0,0,0,0,1,0,0,0,0] },
                  { "src":28, "tgt":45, "labels":null, "values":[1,0,1,0,1,0,1,0,0,0,1,0,0,0,1,0,0,0,0,1,0,0,0,0] },
                  { "src":49, "tgt":50, "labels":null, "values":[1,1,0,0,1,1,0,0,0,0,1,0,1,0,0,0,0,0,0,1,0,0,0,0] },
                  { "src":6, "tgt":18, "labels":null, "values":[1,1,0,0,1,1,0,0,0,0,1,0,1,0,0,0,0,0,0,1,0,0,0,0] },
                  { "src":6, "tgt":76, "labels":null, "values":[1,0,0,1,1,1,0,0,0,0,1,1,0,0,0,0,0,0,0,1,0,0,0,0] },
                  { "src":54, "tgt":90, "labels":null, "values":[1,1,0,0,1,1,0,0,0,0,1,0,1,0,0,0,0,0,0,1,0,0,0,0] },
                  { "src":57, "tgt":60, "labels":null, "values":[1,0,0,1,1,0,1,0,0,0,1,0,1,0,0,0,0,0,0,1,0,0,0,0] },
                  { "src":50, "tgt":51, "labels":null, "values":[1,1,0,0,1,1,0,0,0,0,1,0,1,0,0,0,0,0,0,1,0,0,0,0] },
                  { "src":11, "tgt":22, "labels":null, "values":[1,0,0,1,1,1,0,0,0,0,1,0,1,0,0,0,0,0,0,1,0,0,0,0] },
                  { "src":75, "tgt":77, "labels":null, "values":[1,0,0,1,1,1,0,0,0,0,1,1,0,0,0,0,0,0,0,1,0,0,0,0] },
                  { "src":1, "tgt":55, "labels":null, "values":[1,1,0,0,1,1,0,0,0,0,1,0,1,0,0,0,0,0,0,1,0,0,0,0] },
                  { "src":6, "tgt":77, "labels":null, "values":[1,0,0,1,1,1,0,0,0,0,1,1,0,0,0,0,0,0,0,1,0,0,0,0] },
                  { "src":10, "tgt":13, "labels":null, "values":[1,0,0,1,1,0,1,0,0,0,1,0,1,0,0,0,0,0,0,1,0,0,0,0] },
                  { "src":10, "tgt":42, "labels":null, "values":[1,0,0,1,1,0,1,0,0,0,1,0,1,0,0,0,0,0,0,1,0,0,0,0] },
                  { "src":1, "tgt":53, "labels":null, "values":[1,1,0,0,1,1,0,0,0,0,1,0,1,0,0,0,0,0,0,1,0,0,0,0] },
                  { "src":12, "tgt":24, "labels":null, "values":[1,0,0,1,1,0,1,0,0,0,1,0,1,0,0,0,0,0,0,1,0,0,0,0] },
                  { "src":9, "tgt":21, "labels":null, "values":[1,0,0,1,1,1,0,0,0,0,1,0,1,0,0,0,0,0,0,1,0,0,0,0] },
                  { "src":0, "tgt":37, "labels":null, "values":[1,0,0,1,1,1,0,0,0,0,1,0,1,0,0,0,0,0,0,1,0,0,0,0] },
                  { "src":5, "tgt":64, "labels":null, "values":[1,0,0,1,1,0,1,0,0,0,1,0,1,0,0,0,0,0,0,1,0,0,0,0] },
                  { "src":21, "tgt":22, "labels":null, "values":[1,0,0,1,1,1,0,0,0,0,1,0,1,0,0,0,0,0,0,1,0,0,0,0] },
                  { "src":49, "tgt":78, "labels":null, "values":[1,1,0,0,1,1,0,0,0,0,1,0,1,0,0,0,0,0,0,1,0,0,0,0] },
                  { "src":87, "tgt":88, "labels":null, "values":[1,0,0,1,1,0,1,0,0,0,1,0,1,0,0,0,0,0,0,1,0,0,0,0] },
                  { "src":90, "tgt":91, "labels":null, "values":[1,0,0,1,1,0,1,0,0,0,1,0,1,0,0,0,0,0,0,1,0,0,0,0] },
                  { "src":50, "tgt":78, "labels":null, "values":[1,1,0,0,1,1,0,0,0,0,1,0,1,0,0,0,0,0,0,1,0,0,0,0] },
                  { "src":0, "tgt":60, "labels":null, "values":[1,0,0,1,1,0,1,0,0,0,1,0,1,0,0,0,0,0,0,1,0,0,0,0] },
                  { "src":7, "tgt":60, "labels":null, "values":[1,0,0,1,1,0,1,0,0,0,1,0,1,0,0,0,0,0,0,1,0,0,0,0] },
                  { "src":29, "tgt":30, "labels":null, "values":[1,0,1,0,1,0,1,0,0,0,1,0,0,0,1,0,0,0,0,1,0,0,0,0] },
                  { "src":0, "tgt":40, "labels":null, "values":[1,0,0,1,1,1,0,0,0,0,1,1,0,0,0,0,0,0,0,1,0,0,0,0] },
                  { "src":12, "tgt":16, "labels":null, "values":[1,0,0,1,1,0,1,0,0,0,1,0,1,0,0,0,0,0,0,1,0,0,0,0] },
                  { "src":2, "tgt":37, "labels":null, "values":[1,0,0,1,1,1,0,0,0,0,1,0,1,0,0,0,0,0,0,1,0,0,0,0] },
                  { "src":4, "tgt":5, "labels":null, "values":[3,1,1,1,3,0,3,0,0,0,3,0,2,0,1,0,0,0,0,3,0,0,0,0] }
           ]
        }
}
