{
"info": { 
       "qtNodos": 117,
       "qtArestas": 366
       },
"nodes" : { 
           "labelTitle": [ "Short Name", "Author Name", "Category", "Research", "Area"],
           "valueTitle": [ "Year last Pub.","Qt Research","Qt Area","Qt Publications","Qt Journals","Qt Books", "Qt Proceedings","Connected Comp.","Edge BetWeenness","Closeness Centrality", "Betweenness Centrality","Degree"],
           "imageTitle": null,
           "dataNodes": [
               { "id":0,"idBD":9, "labels":["NEDEL, L. P.","Luciana Porcher Nedel","Docente","Computacao Grafica e P.I.","SISTEMAS DE COMPUTACAO"],
                           "values":[2011,10,10,10,2,0,8,1,0,0.5615,930.4095,23],"images":null },
               { "id":1,"idBD":110, "labels":["OLIVEIRA, Manuel M.","Manuel Menezes de Oliveira Neto","Docente","Computacao Grafica e P.I.","SISTEMAS DE COMPUTACAO"],
                           "values":[2011,8,8,8,4,0,4,1,0,0.5645,1571.6429,24],"images":null },
               { "id":2,"idBD":111, "labels":["FREITAS, C. M. D. S.","Carla Maria Dal Sasso Freitas","Docente","Computacao Grafica e P.I.","SISTEMAS DE COMPUTACAO"],
                           "values":[2011,11,11,11,5,0,6,1,0,0.5556,1008.6333,21],"images":null },
               { "id":3,"idBD":175, "labels":["COMBA, J. L. D.","Joao Luiz Dihl Comba","Docente","Computacao Grafica e P.I.","SISTEMAS DE COMPUTACAO"],
                           "values":[2011,11,11,11,6,2,3,1,2,0.5966,2040.7286,34],"images":null },
               { "id":4,"idBD":200, "labels":["Jung, C. R.","Claudio Rosito Jung","Participante Externo","Computacao Grafica e P.I.","SISTEMAS DE COMPUTACAO"],
                           "values":[2011,5,5,5,1,0,4,1,0,0.5556,1239.0000,21],"images":null },
               { "id":5,"idBD":221, "labels":["SCHARCANSKI, J.","Jacob Scharcanski","Docente","Computacao Grafica e P.I.","SISTEMAS DE COMPUTACAO"],
                           "values":[2011,11,11,11,6,0,5,1,0,0.5526,1160.0000,20],"images":null },
               { "id":6,"idBD":279, "labels":["PIMENTA, M. S.","Marcelo Soares Pimenta","Docente","Computacao Grafica e P.I.","SISTEMAS DE COMPUTACAO"],
                           "values":[2011,1,1,1,0,0,1,1,0,0.3621,0.0000,2],"images":null },
               { "id":7,"idBD":311, "labels":["NAVAUX, P. O. A.","Philippe Olivier Alexandre Navaux","Docente","Computacao Grafica e P.I.","SISTEMAS DE COMPUTACAO"],
                           "values":[2011,1,1,1,0,0,1,0,1,1.0000,0.0000,10],"images":null },
               { "id":8,"idBD":447, "labels":["GALANTE, R. M.","Renata de Matos Galante","Docente","Computacao Grafica e P.I.","SISTEMAS DE COMPUTACAO"],
                           "values":[2011,2,2,2,1,0,1,1,0,0.3804,21.6667,8],"images":null },
               { "id":9,"idBD":548, "labels":["MAILLARD, N. B.","Nicolas Bruno Maillard","Participante Externo","Computacao Grafica e P.I.","SISTEMAS DE COMPUTACAO"],
                           "values":[2011,1,1,1,0,0,1,0,1,1.0000,0.0000,10],"images":null },
               { "id":10,"idBD":579, "labels":["FERNANDES, L. A. F.","LEANDRO AUGUSTO FRATA FERNANDES","Discente","Computacao Grafica e P.I.","SISTEMAS DE COMPUTACAO"],
                           "values":[2011,1,1,1,0,0,1,1,0,0.3621,0.0000,1],"images":null },
               { "id":11,"idBD":607, "labels":["PANETTA, J.","Jairo Panetta","Participante Externo","Computacao Grafica e P.I.","SISTEMAS DE COMPUTACAO"],
                           "values":[2011,1,1,1,0,0,1,0,1,1.0000,0.0000,10],"images":null },
               { "id":12,"idBD":610, "labels":["DIAS, P. L. S.","Pedro Leite da Silva Dias","Participante Externo","Computacao Grafica e P.I.","SISTEMAS DE COMPUTACAO"],
                           "values":[2011,1,1,1,0,0,1,0,1,1.0000,0.0000,10],"images":null },
               { "id":13,"idBD":662, "labels":["TREVISAN, Daniela Gorski","Daniela Gorski Trevisan","Participante Externo","Computacao Grafica e P.I.","SISTEMAS DE COMPUTACAO"],
                           "values":[2011,2,2,2,1,0,1,1,0,0.3763,4.8333,5],"images":null },
               { "id":14,"idBD":682, "labels":["KASSICK, R. V.","RODRIGO VIROTE KASSICK","Discente","Computacao Grafica e P.I.","SISTEMAS DE COMPUTACAO"],
                           "values":[2011,1,1,1,0,0,1,0,1,1.0000,0.0000,10],"images":null },
               { "id":15,"idBD":730, "labels":["SPRITZER, A. S.","ANDRE SUSLIK SPRITZER","Discente","Computacao Grafica e P.I.","SISTEMAS DE COMPUTACAO"],
                           "values":[2011,1,1,1,0,0,1,1,0,0.3596,0.0000,2],"images":null },
               { "id":16,"idBD":744, "labels":["PINTO, F. M.","FRANCISCO DE MOURA PINTO","Discente","Computacao Grafica e P.I.","SISTEMAS DE COMPUTACAO"],
                           "values":[2011,2,2,2,2,0,0,1,0,0.3584,0.0000,1],"images":null },
               { "id":17,"idBD":850, "labels":["SCHEPKE, C.","CLAUDIO SCHEPKE","Discente","Computacao Grafica e P.I.","SISTEMAS DE COMPUTACAO"],
                           "values":[2011,1,1,1,0,0,1,0,1,1.0000,0.0000,10],"images":null },
               { "id":18,"idBD":910, "labels":["OLIVEIRA, A. B.","ALESSANDRO BOF DE OLIVEIRA","Discente","Computacao Grafica e P.I.","SISTEMAS DE COMPUTACAO"],
                           "values":[2011,1,1,1,1,0,0,1,0,0.3596,0.0000,3],"images":null },
               { "id":19,"idBD":918, "labels":["TORCHELSEN, R. P.","RAFAEL PICCIN TORCHELSEN","Discente","Computacao Grafica e P.I.","SISTEMAS DE COMPUTACAO"],
                           "values":[2011,2,2,2,2,0,0,1,2,0.3860,1.8667,5],"images":null },
               { "id":20,"idBD":999, "labels":["K., H. L.","Ha, Linh K.","Participante Externo","Computacao Grafica e P.I.","SISTEMAS DE COMPUTACAO"],
                           "values":[2011,1,1,1,0,0,1,1,2,0.3791,0.0000,4],"images":null },
               { "id":21,"idBD":1068, "labels":["FREIRE, J.","Juliana Freire","Participante Externo","Computacao Grafica e P.I.","SISTEMAS DE COMPUTACAO"],
                           "values":[2011,1,1,1,0,0,1,1,2,0.3832,0.0000,7],"images":null },
               { "id":22,"idBD":1092, "labels":["PILLA, L. L.","Laercio Lima Pilla","Discente","Computacao Grafica e P.I.","SISTEMAS DE COMPUTACAO"],
                           "values":[2011,1,1,1,0,0,1,0,1,1.0000,0.0000,10],"images":null },
               { "id":23,"idBD":1100, "labels":["PAGOT, C. A.","CHRISTIAN AZAMBUJA PAGOT","Discente","Computacao Grafica e P.I.","SISTEMAS DE COMPUTACAO"],
                           "values":[2011,3,3,3,2,1,0,1,2,0.3860,0.7429,8],"images":null },
               { "id":24,"idBD":1102, "labels":["VOLLRATH, J.","JOACHIM VOLLRATH","Participante Externo","Computacao Grafica e P.I.","SISTEMAS DE COMPUTACAO"],
                           "values":[2011,1,1,1,0,1,0,1,2,0.3804,0.0000,5],"images":null },
               { "id":25,"idBD":1106, "labels":["WEISKOPF, D.","Daniel Weiskopf","Participante Externo","Computacao Grafica e P.I.","SISTEMAS DE COMPUTACAO"],
                           "values":[2011,3,3,3,2,1,0,1,2,0.3860,0.7429,8],"images":null },
               { "id":26,"idBD":1126, "labels":["MAULE, M.","Marilena Maule","Participante Externo","Computacao Grafica e P.I.","SISTEMAS DE COMPUTACAO"],
                           "values":[2011,1,1,1,1,0,0,1,2,0.3777,0.0000,3],"images":null },
               { "id":27,"idBD":1128, "labels":["MACIEL, A.","Anderson Maciel","Participante Externo","Computacao Grafica e P.I.","SISTEMAS DE COMPUTACAO"],
                           "values":[2011,4,4,4,2,1,1,1,0,0.5357,638.1333,14],"images":null },
               { "id":28,"idBD":1229, "labels":["T., S. C.","Silva, Claudio T.","Participante Externo","Computacao Grafica e P.I.","SISTEMAS DE COMPUTACAO"],
                           "values":[2011,3,3,3,1,0,2,1,2,0.3889,12.1667,11],"images":null },
               { "id":29,"idBD":1235, "labels":["S.","Suvranu De","Participante Externo","Computacao Grafica e P.I.","SISTEMAS DE COMPUTACAO"],
                           "values":[2011,1,1,1,0,1,0,1,0,0.3500,0.0000,1],"images":null },
               { "id":30,"idBD":1238, "labels":["WONG, A.","Alexander Wong","Participante Externo","Computacao Grafica e P.I.","SISTEMAS DE COMPUTACAO"],
                           "values":[2011,2,2,2,2,0,0,1,0,0.3571,0.0000,1],"images":null },
               { "id":31,"idBD":1257, "labels":["MACHADO, G. M.","GUSTAVO MELLO MACHADO","Discente","Computacao Grafica e P.I.","SISTEMAS DE COMPUTACAO"],
                           "values":[2011,1,1,1,0,0,1,1,0,0.3621,0.0000,1],"images":null },
               { "id":32,"idBD":1296, "labels":["GROTTEL, S.","Sebastian Grottel","Participante Externo","Computacao Grafica e P.I.","SISTEMAS DE COMPUTACAO"],
                           "values":[2011,1,1,1,0,1,0,1,2,0.3777,0.0000,3],"images":null },
               { "id":33,"idBD":1298, "labels":["ERTL, T.","Thomas Ertl","Participante Externo","Computacao Grafica e P.I.","SISTEMAS DE COMPUTACAO"],
                           "values":[2011,4,4,4,2,2,0,1,2,0.3889,8.2429,10],"images":null },
               { "id":34,"idBD":1307, "labels":["BASTOS, R. M. R.","Rui Manuel Ribeiro de Bastos","Participante Externo","Computacao Grafica e P.I.","SISTEMAS DE COMPUTACAO"],
                           "values":[2011,2,2,2,2,0,0,1,2,0.3860,1.8667,5],"images":null },
               { "id":35,"idBD":1436, "labels":["SADLO, F.","Filip Sadlo","Participante Externo","Computacao Grafica e P.I.","SISTEMAS DE COMPUTACAO"],
                           "values":[2011,3,3,3,2,1,0,1,2,0.3860,0.7429,8],"images":null },
               { "id":36,"idBD":1455, "labels":["BICHO, A. L.","Alessandro de Lima Bicho","Participante Externo","Computacao Grafica e P.I.","SISTEMAS DE COMPUTACAO"],
                           "values":[2011,1,1,1,0,0,1,1,0,0.3646,0.0000,6],"images":null },
               { "id":37,"idBD":1456, "labels":["PARAVISI, M.","Marcelo Paravisi","Participante Externo","Computacao Grafica e P.I.","SISTEMAS DE COMPUTACAO"],
                           "values":[2011,1,1,1,0,0,1,1,0,0.3646,0.0000,6],"images":null },
               { "id":38,"idBD":1469, "labels":["GASTAL, E. S. L.","Eduardo Simoes Lopes Gastal","Discente","Computacao Grafica e P.I.","SISTEMAS DE COMPUTACAO"],
                           "values":[2011,1,1,1,1,0,0,1,0,0.3621,0.0000,1],"images":null },
               { "id":39,"idBD":1477, "labels":["FISCHER, L. G.","LEONARDO GARCIA FISCHER","Discente","Computacao Grafica e P.I.","SISTEMAS DE COMPUTACAO"],
                           "values":[2011,2,2,2,0,0,2,1,2,0.3737,0.0000,3],"images":null },
               { "id":40,"idBD":1486, "labels":["OSMARI, D. K.","Daniel Kohler Osmari","Discente","Computacao Grafica e P.I.","SISTEMAS DE COMPUTACAO"],
                           "values":[2011,3,3,3,2,0,1,1,2,0.4054,43.9143,10],"images":null },
               { "id":41,"idBD":1489, "labels":["PASCUCCI, V.","Valerio Pascucci","Participante Externo","Computacao Grafica e P.I.","SISTEMAS DE COMPUTACAO"],
                           "values":[2011,1,1,1,0,0,1,1,2,0.3832,0.0000,7],"images":null },
               { "id":42,"idBD":1502, "labels":["CANETE, S. C.","SAMANTHA DE CASTRO CANETE","Discente","Computacao Grafica e P.I.","SISTEMAS DE COMPUTACAO"],
                           "values":[2011,1,1,1,1,0,0,1,0,0.3633,0.0000,5],"images":null },
               { "id":43,"idBD":1517, "labels":["RAPOSO, A.","Alberto Raposo","Participante Externo","Computacao Grafica e P.I.","SISTEMAS DE COMPUTACAO"],
                           "values":[2011,1,1,1,1,0,0,1,0,0.3750,0.0000,4],"images":null },
               { "id":44,"idBD":1557, "labels":["DIHL, L. L.","Leandro Lorenzett Dihl","Participante Externo","Computacao Grafica e P.I.","SISTEMAS DE COMPUTACAO"],
                           "values":[2011,1,1,1,0,0,1,1,0,0.3596,0.0000,2],"images":null },
               { "id":45,"idBD":1565, "labels":["MUSSE, S. R.","Soraia Raupp Musse","Participante Externo","Computacao Grafica e P.I.","SISTEMAS DE COMPUTACAO"],
                           "values":[2011,1,1,1,0,0,1,1,0,0.3646,0.0000,6],"images":null },
               { "id":46,"idBD":1567, "labels":["PAROLIN, A.","Alessandro Parolin","Participante Externo","Computacao Grafica e P.I.","SISTEMAS DE COMPUTACAO"],
                           "values":[2011,1,1,1,0,0,1,1,0,0.3621,0.0000,4],"images":null },
               { "id":47,"idBD":1581, "labels":["FICKEL, G. P.","Guilherme Pinto Fickel","Discente","Computacao Grafica e P.I.","SISTEMAS DE COMPUTACAO"],
                           "values":[2011,1,1,1,0,0,1,1,0,0.3621,0.0000,4],"images":null },
               { "id":48,"idBD":1591, "labels":["PAMPLONA, V. F.","Vitor Fernando Pamplona","Discente","Computacao Grafica e P.I.","SISTEMAS DE COMPUTACAO"],
                           "values":[2011,3,3,3,2,0,1,1,0,0.3777,17.6429,13],"images":null },
               { "id":49,"idBD":1593, "labels":["RASKAR, R.","Ramesh Raskar","Participante Externo","Computacao Grafica e P.I.","SISTEMAS DE COMPUTACAO"],
                           "values":[2011,1,1,1,1,0,0,1,0,0.3684,0.0000,6],"images":null },
               { "id":50,"idBD":1611, "labels":["MARINHO, D. R.","Diane R. Marinho","Participante Externo","Computacao Grafica e P.I.","SISTEMAS DE COMPUTACAO"],
                           "values":[2011,1,1,1,1,0,0,1,0,0.3584,0.0000,2],"images":null },
               { "id":51,"idBD":1613, "labels":["RAMOS, Y. D. Y.","YESSENIA DEYSI YARI RAMOS","Discente","Computacao Grafica e P.I.","SISTEMAS DE COMPUTACAO"],
                           "values":[2011,2,2,2,1,0,1,1,0,0.3596,0.0000,3],"images":null },
               { "id":52,"idBD":1615, "labels":["CAVALCANTI, P. G.","PABLO GAUTERIO CAVALCANTI","Discente","Computacao Grafica e P.I.","SISTEMAS DE COMPUTACAO"],
                           "values":[2011,3,3,3,2,0,1,1,0,0.3596,0.0000,3],"images":null },
               { "id":53,"idBD":1616, "labels":["LOPES, C. B. O.","Carlos Bruno Oliveira Lopes","Discente","Computacao Grafica e P.I.","SISTEMAS DE COMPUTACAO"],
                           "values":[2011,1,1,1,0,0,1,1,0,0.3750,0.0000,3],"images":null },
               { "id":54,"idBD":1618, "labels":["WALTER, M.","Marcelo Walter","Docente","Computacao Grafica e P.I.","SISTEMAS DE COMPUTACAO"],
                           "values":[2011,4,4,4,2,0,2,1,0,0.5330,397.9333,13],"images":null },
               { "id":55,"idBD":1619, "labels":["OLIVEIRA, G. N.","GUILHERME DO NASCIMENTO OLIVEIRA","Discente","Computacao Grafica e P.I.","SISTEMAS DE COMPUTACAO"],
                           "values":[2011,2,2,2,1,0,1,1,2,0.4054,17.7095,7],"images":null },
               { "id":56,"idBD":1644, "labels":["BOITO, F. Z.","Francieli Zanon Boito","Discente","Computacao Grafica e P.I.","SISTEMAS DE COMPUTACAO"],
                           "values":[2011,1,1,1,0,0,1,0,1,1.0000,0.0000,10],"images":null },
               { "id":57,"idBD":1699, "labels":["PASSOS, E. B.","Erick B. Passos","Participante Externo","Computacao Grafica e P.I.","SISTEMAS DE COMPUTACAO"],
                           "values":[2011,1,1,1,1,0,0,1,0,0.3684,0.0000,6],"images":null },
               { "id":58,"idBD":1706, "labels":["ZIZKA, J.","Jan Zizka","Participante Externo","Computacao Grafica e P.I.","SISTEMAS DE COMPUTACAO"],
                           "values":[2011,1,1,1,1,0,0,1,0,0.3684,0.0000,6],"images":null },
               { "id":59,"idBD":1708, "labels":["LAWSON, E.","Everett Lawson","Participante Externo","Computacao Grafica e P.I.","SISTEMAS DE COMPUTACAO"],
                           "values":[2011,1,1,1,1,0,0,1,0,0.3684,0.0000,6],"images":null },
               { "id":60,"idBD":1710, "labels":["CLUA, E.","Esteban Clua","Participante Externo","Computacao Grafica e P.I.","SISTEMAS DE COMPUTACAO"],
                           "values":[2011,1,1,1,1,0,0,1,0,0.3684,0.0000,6],"images":null },
               { "id":61,"idBD":1712, "labels":["PAKTER, H.","Helena Pakter","Participante Externo","Computacao Grafica e P.I.","SISTEMAS DE COMPUTACAO"],
                           "values":[2011,2,2,2,1,0,1,1,0,0.3710,0.1429,8],"images":null },
               { "id":62,"idBD":1713, "labels":["FUCHS, S.","Sandra Fuchs","Participante Externo","Computacao Grafica e P.I.","SISTEMAS DE COMPUTACAO"],
                           "values":[2011,2,2,2,1,0,1,1,0,0.3710,0.1429,8],"images":null },
               { "id":63,"idBD":1714, "labels":["MAESTRI, M. K.","Marcelo Krieger Maestri","Participante Externo","Computacao Grafica e P.I.","SISTEMAS DE COMPUTACAO"],
                           "values":[2011,2,2,2,1,0,1,1,0,0.3710,0.1429,8],"images":null },
               { "id":64,"idBD":1715, "labels":["MOREIRA, L.","Leila Moreira","Participante Externo","Computacao Grafica e P.I.","SISTEMAS DE COMPUTACAO"],
                           "values":[2011,2,2,2,1,0,1,1,0,0.3710,0.1429,8],"images":null },
               { "id":65,"idBD":1716, "labels":["RICARDI, L.","Luciana Ricardi","Participante Externo","Computacao Grafica e P.I.","SISTEMAS DE COMPUTACAO"],
                           "values":[2011,1,1,1,1,0,0,1,0,0.3697,0.0000,7],"images":null },
               { "id":66,"idBD":1717, "labels":["FUCHS, F.","Flavio Fuchs","Participante Externo","Computacao Grafica e P.I.","SISTEMAS DE COMPUTACAO"],
                           "values":[2011,2,2,2,1,0,1,1,0,0.3710,0.1429,8],"images":null },
               { "id":67,"idBD":1727, "labels":["SILVA, I. C. S.","ISABEL CRISTINA SIQUEIRA DA SILVA","Discente","Computacao Grafica e P.I.","SISTEMAS DE COMPUTACAO"],
                           "values":[2011,4,4,4,0,0,4,1,0,0.3584,0.0000,1],"images":null },
               { "id":68,"idBD":1731, "labels":["TAVARES, D. L. M.","Denison L. M. Tavares","Participante Externo","Computacao Grafica e P.I.","SISTEMAS DE COMPUTACAO"],
                           "values":[2011,1,1,1,1,0,0,1,0,0.3633,0.0000,5],"images":null },
               { "id":69,"idBD":1732, "labels":["HENKIN, R.","RAFAEL HENKIN","Discente","Computacao Grafica e P.I.","SISTEMAS DE COMPUTACAO"],
                           "values":[2011,1,1,1,1,0,0,1,0,0.3633,0.0000,5],"images":null },
               { "id":70,"idBD":1733, "labels":["SEADI, L. N.","Lucas Nowaczyk Seadi","Participante Externo","Computacao Grafica e P.I.","SISTEMAS DE COMPUTACAO"],
                           "values":[2011,1,1,1,0,0,1,1,0,0.3596,0.0000,2],"images":null },
               { "id":71,"idBD":1739, "labels":["ESTRELA, P. C.","Pedro C Estrela","Participante Externo","Computacao Grafica e P.I.","SISTEMAS DE COMPUTACAO"],
                           "values":[2011,1,1,1,1,0,0,1,0,0.3633,0.0000,5],"images":null },
               { "id":72,"idBD":1759, "labels":["WEBER, D.","DANIEL WEBER","Discente","Computacao Grafica e P.I.","SISTEMAS DE COMPUTACAO"],
                           "values":[2011,1,1,1,1,0,0,1,0,0.3584,0.0000,2],"images":null },
               { "id":73,"idBD":1765, "labels":["DIETRICH, C. A.","Carlos A Dietrich","Participante Externo","Computacao Grafica e P.I.","SISTEMAS DE COMPUTACAO"],
                           "values":[2011,1,1,1,0,1,0,1,2,0.3777,0.0000,3],"images":null },
               { "id":74,"idBD":1806, "labels":["KRUGER, J.","Jens Kruger","Participante Externo","Computacao Grafica e P.I.","SISTEMAS DE COMPUTACAO"],
                           "values":[2011,1,1,1,0,0,1,1,2,0.3791,0.0000,4],"images":null },
               { "id":75,"idBD":1807, "labels":["JOSHI, S.","Sarang Joshi","Participante Externo","Computacao Grafica e P.I.","SISTEMAS DE COMPUTACAO"],
                           "values":[2011,1,1,1,0,0,1,1,2,0.3791,0.0000,4],"images":null },
               { "id":76,"idBD":1808, "labels":["BRONSON, J.","J. Bronson","Participante Externo","Computacao Grafica e P.I.","SISTEMAS DE COMPUTACAO"],
                           "values":[2011,1,1,1,0,0,1,1,2,0.3832,0.0000,7],"images":null },
               { "id":77,"idBD":1809, "labels":["SUMMA, B.","Brian Summa","Participante Externo","Computacao Grafica e P.I.","SISTEMAS DE COMPUTACAO"],
                           "values":[2011,1,1,1,0,0,1,1,2,0.3832,0.0000,7],"images":null },
               { "id":78,"idBD":1810, "labels":["HOWE, B.","B. Howe","Participante Externo","Computacao Grafica e P.I.","SISTEMAS DE COMPUTACAO"],
                           "values":[2011,1,1,1,0,0,1,1,2,0.3832,0.0000,7],"images":null },
               { "id":79,"idBD":1811, "labels":["FILHO, E. X. L.","ERIVALDO XAVIER DE LIMA FILHO","Discente","Computacao Grafica e P.I.","SISTEMAS DE COMPUTACAO"],
                           "values":[2011,1,1,1,0,0,1,1,2,0.3947,0.0000,3],"images":null },
               { "id":80,"idBD":1812, "labels":["NUNES, M. B.","MATEUS BISOTTO NUNES","Discente","Computacao Grafica e P.I.","SISTEMAS DE COMPUTACAO"],
                           "values":[2011,1,1,1,0,0,1,1,2,0.3947,0.0000,3],"images":null },
               { "id":81,"idBD":1835, "labels":["CRLA, O.","Osthoff, Crla","Participante Externo","Computacao Grafica e P.I.","SISTEMAS DE COMPUTACAO"],
                           "values":[2011,1,1,1,0,0,1,0,1,1.0000,0.0000,10],"images":null },
               { "id":82,"idBD":1836, "labels":["PABLO, G.","Grunmann, Pablo","Participante Externo","Computacao Grafica e P.I.","SISTEMAS DE COMPUTACAO"],
                           "values":[2011,1,1,1,0,0,1,0,1,1.0000,0.0000,10],"images":null },
               { "id":83,"idBD":1837, "labels":["ROBERT, W.","Walko, Robert","Participante Externo","Computacao Grafica e P.I.","SISTEMAS DE COMPUTACAO"],
                           "values":[2011,1,1,1,0,0,1,0,1,1.0000,0.0000,10],"images":null },
               { "id":84,"idBD":1845, "labels":["MALZBENDER, T.","Tom Malzbender","Participante Externo","Computacao Grafica e P.I.","SISTEMAS DE COMPUTACAO"],
                           "values":[2011,1,1,1,0,0,1,1,0,0.3621,0.0000,4],"images":null },
               { "id":85,"idBD":1846, "labels":["SAMADANI, R.","Ramin Samadani","Participante Externo","Computacao Grafica e P.I.","SISTEMAS DE COMPUTACAO"],
                           "values":[2011,1,1,1,0,0,1,1,0,0.3621,0.0000,4],"images":null },
               { "id":86,"idBD":1847, "labels":["GONCALVES, A. L.","Andre Luiz Goncalves","Participante Externo","Computacao Grafica e P.I.","SISTEMAS DE COMPUTACAO"],
                           "values":[2011,1,1,1,0,0,1,1,0,0.3750,0.0000,3],"images":null },
               { "id":87,"idBD":1848, "labels":["FILHO, J. C. B.","Jose Carlos Bins Filho","Participante Externo","Computacao Grafica e P.I.","SISTEMAS DE COMPUTACAO"],
                           "values":[2011,1,1,1,0,0,1,1,0,0.3596,0.0000,2],"images":null },
               { "id":88,"idBD":1849, "labels":["CASSOL, V.","Vinicius Cassol","Participante Externo","Computacao Grafica e P.I.","SISTEMAS DE COMPUTACAO"],
                           "values":[2011,1,1,1,0,0,1,1,0,0.3646,0.0000,6],"images":null },
               { "id":89,"idBD":1850, "labels":["MARSON, F. P.","Fernando Pinho Marson","Participante Externo","Computacao Grafica e P.I.","SISTEMAS DE COMPUTACAO"],
                           "values":[2011,1,1,1,0,0,1,1,0,0.3646,0.0000,6],"images":null },
               { "id":90,"idBD":1851, "labels":["VENDRAMINI, M.","Mateus Vendramini","Participante Externo","Computacao Grafica e P.I.","SISTEMAS DE COMPUTACAO"],
                           "values":[2011,1,1,1,0,0,1,1,0,0.3646,0.0000,6],"images":null },
               { "id":91,"idBD":1852, "labels":["RIBEIRO, M. A. C.","Matheus Antonio Correa Ribeiro","Participante Externo","Computacao Grafica e P.I.","SISTEMAS DE COMPUTACAO"],
                           "values":[2011,1,1,1,0,0,1,1,0,0.3584,0.0000,2],"images":null },
               { "id":92,"idBD":1853, "labels":["SCHUCK, A.","Adalberto Schuck","Participante Externo","Computacao Grafica e P.I.","SISTEMAS DE COMPUTACAO"],
                           "values":[2011,1,1,1,0,0,1,1,0,0.3584,0.0000,2],"images":null },
               { "id":93,"idBD":1854, "labels":["SCHARDOSIM, L.","Lucas Schardosim","Participante Externo","Computacao Grafica e P.I.","SISTEMAS DE COMPUTACAO"],
                           "values":[2011,1,1,1,0,0,1,1,0,0.3596,0.0000,3],"images":null },
               { "id":94,"idBD":1855, "labels":["SANTOS, D.","Daniel Santos","Participante Externo","Computacao Grafica e P.I.","SISTEMAS DE COMPUTACAO"],
                           "values":[2011,1,1,1,0,0,1,1,0,0.3596,0.0000,3],"images":null },
               { "id":95,"idBD":1856, "labels":["STUCHI, J. A.","Jose A. Stuchi","Participante Externo","Computacao Grafica e P.I.","SISTEMAS DE COMPUTACAO"],
                           "values":[2011,1,1,1,0,0,1,1,0,0.3596,0.0000,3],"images":null },
               { "id":96,"idBD":1857, "labels":["SILVA, A. B.","Ariane Boge da Silva","Participante Externo","Computacao Grafica e P.I.","SISTEMAS DE COMPUTACAO"],
                           "values":[2011,1,1,1,0,0,1,1,0,0.3621,0.0000,2],"images":null },
               { "id":97,"idBD":1858, "labels":["CHEIRAN, J. F. P.","Jean Felipe Patikowski Cheiran","Discente","Computacao Grafica e P.I.","SISTEMAS DE COMPUTACAO"],
                           "values":[2011,1,1,1,0,0,1,1,0,0.3621,0.0000,2],"images":null },
               { "id":98,"idBD":1859, "labels":["MOTTA, T. S.","THIAGO STEIN MOTTA","Discente","Computacao Grafica e P.I.","SISTEMAS DE COMPUTACAO"],
                           "values":[2011,1,1,1,0,0,1,1,0,0.3608,0.0000,1],"images":null },
               { "id":99,"idBD":1860, "labels":["NASCIMENTO, C. S.","Catia Souza do Nascimento","Discente","Computacao Grafica e P.I.","SISTEMAS DE COMPUTACAO"],
                           "values":[2011,1,1,1,0,0,1,1,0,0.3750,0.0000,4],"images":null },
               { "id":100,"idBD":1861, "labels":["MENA-CHALCO, J. P.","Jesus P. Mena-Chalco","Participante Externo","Computacao Grafica e P.I.","SISTEMAS DE COMPUTACAO"],
                           "values":[2011,1,1,1,0,0,1,1,0,0.3750,0.0000,4],"images":null },
               { "id":101,"idBD":1897, "labels":["DEBARBA, H. G.","Henrique Galvan Debarba","Discente","Computacao Grafica e P.I.","SISTEMAS DE COMPUTACAO"],
                           "values":[2011,1,1,1,0,0,1,1,0,0.3697,0.0000,2],"images":null },
               { "id":102,"idBD":1930, "labels":["VO, H. T.","Huy T VO","Participante Externo","Computacao Grafica e P.I.","SISTEMAS DE COMPUTACAO"],
                           "values":[2011,2,2,2,1,0,1,1,2,0.3846,1.6667,8],"images":null },
               { "id":103,"idBD":1931, "labels":["GEVECI, B.","Berk Geveci","Participante Externo","Computacao Grafica e P.I.","SISTEMAS DE COMPUTACAO"],
                           "values":[2011,1,1,1,1,0,0,1,2,0.3777,0.0000,3],"images":null },
               { "id":104,"idBD":1932, "labels":["UFFINGER, M.","Marcus Uffinger","Participante Externo","Computacao Grafica e P.I.","SISTEMAS DE COMPUTACAO"],
                           "values":[2011,1,1,1,1,0,0,1,2,0.3846,0.0000,7],"images":null },
               { "id":105,"idBD":1934, "labels":["MUNZ, C.","Claus-Dieter Munz","Participante Externo","Computacao Grafica e P.I.","SISTEMAS DE COMPUTACAO"],
                           "values":[2011,1,1,1,1,0,0,1,2,0.3846,0.0000,7],"images":null },
               { "id":106,"idBD":1947, "labels":["CARVALHO, F.","Felipe Carvalho","Participante Externo","Computacao Grafica e P.I.","SISTEMAS DE COMPUTACAO"],
                           "values":[2011,1,1,1,1,0,0,1,0,0.3750,0.0000,4],"images":null },
               { "id":107,"idBD":1959, "labels":["GANESH, S.","Sankaranarayanan, Ganesh","Participante Externo","Computacao Grafica e P.I.","SISTEMAS DE COMPUTACAO"],
                           "values":[2011,1,1,1,1,0,0,1,0,0.3547,0.0000,5],"images":null },
               { "id":108,"idBD":1960, "labels":["TANSEL, H.","Halic, Tansel","Participante Externo","Computacao Grafica e P.I.","SISTEMAS DE COMPUTACAO"],
                           "values":[2011,1,1,1,1,0,0,1,0,0.3547,0.0000,5],"images":null },
               { "id":109,"idBD":1961, "labels":["SREEKANTH, A. V.","Arikatla, Venkata Sreekanth","Participante Externo","Computacao Grafica e P.I.","SISTEMAS DE COMPUTACAO"],
                           "values":[2011,1,1,1,1,0,0,1,0,0.3547,0.0000,5],"images":null },
               { "id":110,"idBD":1963, "labels":["ZHONGHUA, L.","Lu, Zhonghua","Participante Externo","Computacao Grafica e P.I.","SISTEMAS DE COMPUTACAO"],
                           "values":[2011,1,1,1,1,0,0,1,0,0.3547,0.0000,5],"images":null },
               { "id":111,"idBD":1965, "labels":["FORTUNATO, H. E.","Horacio Enrique Fortunato","Participante Externo","Computacao Grafica e P.I.","SISTEMAS DE COMPUTACAO"],
                           "values":[2011,1,1,1,0,0,1,1,0,0.3621,0.0000,1],"images":null },
               { "id":112,"idBD":1966, "labels":["MOREIRA, M. B.","M. B. Moreira","Participante Externo","Computacao Grafica e P.I.","SISTEMAS DE COMPUTACAO"],
                           "values":[2011,1,1,1,0,0,1,1,0,0.3697,0.0000,7],"images":null },
               { "id":113,"idBD":1968, "labels":["SUVRANU, D.","De, Suvranu","Participante Externo","Computacao Grafica e P.I.","SISTEMAS DE COMPUTACAO"],
                           "values":[2011,1,1,1,1,0,0,1,0,0.3547,0.0000,5],"images":null },
               { "id":114,"idBD":1974, "labels":["MALHEIROS, M. G.","Marcelo G. Malheiros","Participante Externo","Computacao Grafica e P.I.","SISTEMAS DE COMPUTACAO"],
                           "values":[2011,1,1,1,0,0,1,1,0,0.3488,0.0000,1],"images":null },
               { "id":115,"idBD":1975, "labels":["BINSFELD, R. L.","Ricardo Luis Binsfeld","Discente","Computacao Grafica e P.I.","SISTEMAS DE COMPUTACAO"],
                           "values":[2011,1,1,1,0,0,1,1,0,0.3500,0.0000,2],"images":null },
               { "id":116,"idBD":1976, "labels":["GAMBOA, J.","John Gamboa","Participante Externo","Computacao Grafica e P.I.","SISTEMAS DE COMPUTACAO"],
                           "values":[2011,1,1,1,0,0,1,1,0,0.3500,0.0000,2],"images":null }
           ]
        },
      "edges" : { 
           "labelTitle": null,
           "valueTitle": [ "Qt Publications","Qt Journals","Qt Books", "Qt Proceedings","2011",
                          "English","Portuguese","Spanish","German","French",
                          "Comp. Grafica e P.I.",
                          "Natureza N.I.","Trabalho Completo","Resumo","Cap�tulo","Texto Integral","Resumo Expandido","Outro",
                          "Area N.I.","Sistemas de Computacao","Sistemas de Informacao","Inteligencia Artificial","Eng. da Computacao","Informatica Te�rica"],
           "dataEdges": [
                  { "src":9, "tgt":81, "labels":null, "values":[1,0,0,1,1,1,0,0,0,0,1,0,1,0,0,0,0,0,0,1,0,0,0,0] },
                  { "src":107, "tgt":109, "labels":null, "values":[1,1,0,0,1,1,0,0,0,0,1,0,1,0,0,0,0,0,0,1,0,0,0,0] },
                  { "src":11, "tgt":83, "labels":null, "values":[1,0,0,1,1,1,0,0,0,0,1,0,1,0,0,0,0,0,0,1,0,0,0,0] },
                  { "src":2, "tgt":4, "labels":null, "values":[1,1,0,0,1,1,0,0,0,0,1,0,1,0,0,0,0,0,0,1,0,0,0,0] },
                  { "src":0, "tgt":1, "labels":null, "values":[1,1,0,0,1,1,0,0,0,0,1,0,1,0,0,0,0,0,0,1,0,0,0,0] },
                  { "src":4, "tgt":44, "labels":null, "values":[1,0,0,1,1,1,0,0,0,0,1,0,1,0,0,0,0,0,0,1,0,0,0,0] },
                  { "src":107, "tgt":110, "labels":null, "values":[1,1,0,0,1,1,0,0,0,0,1,0,1,0,0,0,0,0,0,1,0,0,0,0] },
                  { "src":32, "tgt":73, "labels":null, "values":[1,0,1,0,1,1,0,0,0,0,1,1,0,0,0,0,0,0,0,1,0,0,0,0] },
                  { "src":108, "tgt":110, "labels":null, "values":[1,1,0,0,1,1,0,0,0,0,1,0,1,0,0,0,0,0,0,1,0,0,0,0] },
                  { "src":8, "tgt":71, "labels":null, "values":[1,1,0,0,1,1,0,0,0,0,1,0,1,0,0,0,0,0,0,1,0,0,0,0] },
                  { "src":82, "tgt":83, "labels":null, "values":[1,0,0,1,1,1,0,0,0,0,1,0,1,0,0,0,0,0,0,1,0,0,0,0] },
                  { "src":109, "tgt":113, "labels":null, "values":[1,1,0,0,1,1,0,0,0,0,1,0,1,0,0,0,0,0,0,1,0,0,0,0] },
                  { "src":40, "tgt":105, "labels":null, "values":[1,1,0,0,1,1,0,0,0,0,1,0,1,0,0,0,0,0,0,1,0,0,0,0] },
                  { "src":19, "tgt":55, "labels":null, "values":[1,1,0,0,1,1,0,0,0,0,1,0,1,0,0,0,0,0,0,1,0,0,0,0] },
                  { "src":28, "tgt":78, "labels":null, "values":[1,0,0,1,1,1,0,0,0,0,1,0,1,0,0,0,0,0,0,1,0,0,0,0] },
                  { "src":9, "tgt":22, "labels":null, "values":[1,0,0,1,1,1,0,0,0,0,1,0,1,0,0,0,0,0,0,1,0,0,0,0] },
                  { "src":2, "tgt":69, "labels":null, "values":[1,1,0,0,1,1,0,0,0,0,1,0,1,0,0,0,0,0,0,1,0,0,0,0] },
                  { "src":5, "tgt":54, "labels":null, "values":[1,1,0,0,1,1,0,0,0,0,1,0,1,0,0,0,0,0,0,1,0,0,0,0] },
                  { "src":94, "tgt":95, "labels":null, "values":[1,0,0,1,1,1,0,0,0,0,1,0,1,0,0,0,0,0,0,1,0,0,0,0] },
                  { "src":32, "tgt":33, "labels":null, "values":[1,0,1,0,1,1,0,0,0,0,1,1,0,0,0,0,0,0,0,1,0,0,0,0] },
                  { "src":11, "tgt":82, "labels":null, "values":[1,0,0,1,1,1,0,0,0,0,1,0,1,0,0,0,0,0,0,1,0,0,0,0] },
                  { "src":1, "tgt":10, "labels":null, "values":[1,0,0,1,1,1,0,0,0,0,1,0,1,0,0,0,0,0,0,1,0,0,0,0] },
                  { "src":11, "tgt":22, "labels":null, "values":[1,0,0,1,1,1,0,0,0,0,1,0,1,0,0,0,0,0,0,1,0,0,0,0] },
                  { "src":0, "tgt":96, "labels":null, "values":[1,0,0,1,1,1,0,0,0,0,1,0,1,0,0,0,0,0,0,1,0,0,0,0] },
                  { "src":5, "tgt":92, "labels":null, "values":[1,0,0,1,1,1,0,0,0,0,1,0,1,0,0,0,0,0,0,1,0,0,0,0] },
                  { "src":63, "tgt":64, "labels":null, "values":[2,1,0,1,2,2,0,0,0,0,2,1,1,0,0,0,0,0,0,2,0,0,0,0] },
                  { "src":22, "tgt":83, "labels":null, "values":[1,0,0,1,1,1,0,0,0,0,1,0,1,0,0,0,0,0,0,1,0,0,0,0] },
                  { "src":0, "tgt":80, "labels":null, "values":[1,0,0,1,1,1,0,0,0,0,1,0,1,0,0,0,0,0,0,1,0,0,0,0] },
                  { "src":62, "tgt":63, "labels":null, "values":[2,1,0,1,2,2,0,0,0,0,2,1,1,0,0,0,0,0,0,2,0,0,0,0] },
                  { "src":102, "tgt":103, "labels":null, "values":[1,1,0,0,1,1,0,0,0,0,1,0,1,0,0,0,0,0,0,1,0,0,0,0] },
                  { "src":41, "tgt":78, "labels":null, "values":[1,0,0,1,1,1,0,0,0,0,1,0,1,0,0,0,0,0,0,1,0,0,0,0] },
                  { "src":13, "tgt":106, "labels":null, "values":[1,1,0,0,1,1,0,0,0,0,1,0,1,0,0,0,0,0,0,1,0,0,0,0] },
                  { "src":25, "tgt":40, "labels":null, "values":[2,2,0,0,2,2,0,0,0,0,2,0,2,0,0,0,0,0,0,2,0,0,0,0] },
                  { "src":4, "tgt":5, "labels":null, "values":[2,1,0,1,2,2,0,0,0,0,2,0,2,0,0,0,0,0,0,2,0,0,0,0] },
                  { "src":18, "tgt":51, "labels":null, "values":[1,1,0,0,1,1,0,0,0,0,1,0,1,0,0,0,0,0,0,1,0,0,0,0] },
                  { "src":5, "tgt":50, "labels":null, "values":[1,1,0,0,1,1,0,0,0,0,1,0,1,0,0,0,0,0,0,1,0,0,0,0] },
                  { "src":8, "tgt":42, "labels":null, "values":[1,1,0,0,1,1,0,0,0,0,1,0,1,0,0,0,0,0,0,1,0,0,0,0] },
                  { "src":48, "tgt":61, "labels":null, "values":[2,1,0,1,2,2,0,0,0,0,2,1,1,0,0,0,0,0,0,2,0,0,0,0] },
                  { "src":9, "tgt":83, "labels":null, "values":[1,0,0,1,1,1,0,0,0,0,1,0,1,0,0,0,0,0,0,1,0,0,0,0] },
                  { "src":9, "tgt":14, "labels":null, "values":[1,0,0,1,1,1,0,0,0,0,1,0,1,0,0,0,0,0,0,1,0,0,0,0] },
                  { "src":5, "tgt":94, "labels":null, "values":[1,0,0,1,1,1,0,0,0,0,1,0,1,0,0,0,0,0,0,1,0,0,0,0] },
                  { "src":11, "tgt":17, "labels":null, "values":[1,0,0,1,1,1,0,0,0,0,1,0,1,0,0,0,0,0,0,1,0,0,0,0] },
                  { "src":0, "tgt":27, "labels":null, "values":[2,1,0,1,2,2,0,0,0,0,2,0,1,1,0,0,0,0,0,2,0,0,0,0] },
                  { "src":11, "tgt":56, "labels":null, "values":[1,0,0,1,1,1,0,0,0,0,1,0,1,0,0,0,0,0,0,1,0,0,0,0] },
                  { "src":7, "tgt":56, "labels":null, "values":[1,0,0,1,1,1,0,0,0,0,1,0,1,0,0,0,0,0,0,1,0,0,0,0] },
                  { "src":0, "tgt":43, "labels":null, "values":[1,1,0,0,1,1,0,0,0,0,1,0,1,0,0,0,0,0,0,1,0,0,0,0] },
                  { "src":64, "tgt":66, "labels":null, "values":[2,1,0,1,2,2,0,0,0,0,2,1,1,0,0,0,0,0,0,2,0,0,0,0] },
                  { "src":20, "tgt":75, "labels":null, "values":[1,0,0,1,1,1,0,0,0,0,1,0,1,0,0,0,0,0,0,1,0,0,0,0] },
                  { "src":7, "tgt":81, "labels":null, "values":[1,0,0,1,1,1,0,0,0,0,1,0,1,0,0,0,0,0,0,1,0,0,0,0] },
                  { "src":0, "tgt":2, "labels":null, "values":[3,2,0,1,3,2,1,0,0,0,3,0,3,0,0,0,0,0,0,3,0,0,0,0] },
                  { "src":12, "tgt":14, "labels":null, "values":[1,0,0,1,1,1,0,0,0,0,1,0,1,0,0,0,0,0,0,1,0,0,0,0] },
                  { "src":4, "tgt":85, "labels":null, "values":[1,0,0,1,1,1,0,0,0,0,1,0,1,0,0,0,0,0,0,1,0,0,0,0] },
                  { "src":21, "tgt":78, "labels":null, "values":[1,0,0,1,1,1,0,0,0,0,1,0,1,0,0,0,0,0,0,1,0,0,0,0] },
                  { "src":28, "tgt":74, "labels":null, "values":[1,0,0,1,1,1,0,0,0,0,1,0,1,0,0,0,0,0,0,1,0,0,0,0] },
                  { "src":47, "tgt":85, "labels":null, "values":[1,0,0,1,1,1,0,0,0,0,1,0,1,0,0,0,0,0,0,1,0,0,0,0] },
                  { "src":1, "tgt":66, "labels":null, "values":[2,1,0,1,2,2,0,0,0,0,2,1,1,0,0,0,0,0,0,2,0,0,0,0] },
                  { "src":2, "tgt":68, "labels":null, "values":[1,1,0,0,1,1,0,0,0,0,1,0,1,0,0,0,0,0,0,1,0,0,0,0] },
                  { "src":45, "tgt":90, "labels":null, "values":[1,0,0,1,1,1,0,0,0,0,1,0,1,0,0,0,0,0,0,1,0,0,0,0] },
                  { "src":17, "tgt":83, "labels":null, "values":[1,0,0,1,1,1,0,0,0,0,1,0,1,0,0,0,0,0,0,1,0,0,0,0] },
                  { "src":9, "tgt":56, "labels":null, "values":[1,0,0,1,1,1,0,0,0,0,1,0,1,0,0,0,0,0,0,1,0,0,0,0] },
                  { "src":23, "tgt":40, "labels":null, "values":[2,2,0,0,2,2,0,0,0,0,2,0,2,0,0,0,0,0,0,2,0,0,0,0] },
                  { "src":45, "tgt":88, "labels":null, "values":[1,0,0,1,1,1,0,0,0,0,1,0,1,0,0,0,0,0,0,1,0,0,0,0] },
                  { "src":3, "tgt":28, "labels":null, "values":[3,1,0,2,3,3,0,0,0,0,3,0,3,0,0,0,0,0,0,3,0,0,0,0] },
                  { "src":27, "tgt":54, "labels":null, "values":[1,1,0,0,1,1,0,0,0,0,1,0,1,0,0,0,0,0,0,1,0,0,0,0] },
                  { "src":11, "tgt":14, "labels":null, "values":[1,0,0,1,1,1,0,0,0,0,1,0,1,0,0,0,0,0,0,1,0,0,0,0] },
                  { "src":1, "tgt":63, "labels":null, "values":[2,1,0,1,2,2,0,0,0,0,2,1,1,0,0,0,0,0,0,2,0,0,0,0] },
                  { "src":81, "tgt":83, "labels":null, "values":[1,0,0,1,1,1,0,0,0,0,1,0,1,0,0,0,0,0,0,1,0,0,0,0] },
                  { "src":3, "tgt":80, "labels":null, "values":[1,0,0,1,1,1,0,0,0,0,1,0,1,0,0,0,0,0,0,1,0,0,0,0] },
                  { "src":0, "tgt":106, "labels":null, "values":[1,1,0,0,1,1,0,0,0,0,1,0,1,0,0,0,0,0,0,1,0,0,0,0] },
                  { "src":22, "tgt":82, "labels":null, "values":[1,0,0,1,1,1,0,0,0,0,1,0,1,0,0,0,0,0,0,1,0,0,0,0] },
                  { "src":5, "tgt":72, "labels":null, "values":[1,1,0,0,1,1,0,0,0,0,1,0,1,0,0,0,0,0,0,1,0,0,0,0] },
                  { "src":49, "tgt":60, "labels":null, "values":[1,1,0,0,1,1,0,0,0,0,1,0,1,0,0,0,0,0,0,1,0,0,0,0] },
                  { "src":1, "tgt":2, "labels":null, "values":[1,1,0,0,1,1,0,0,0,0,1,0,1,0,0,0,0,0,0,1,0,0,0,0] },
                  { "src":2, "tgt":71, "labels":null, "values":[1,1,0,0,1,1,0,0,0,0,1,0,1,0,0,0,0,0,0,1,0,0,0,0] },
                  { "src":43, "tgt":106, "labels":null, "values":[1,1,0,0,1,1,0,0,0,0,1,0,1,0,0,0,0,0,0,1,0,0,0,0] },
                  { "src":93, "tgt":95, "labels":null, "values":[1,0,0,1,1,1,0,0,0,0,1,0,1,0,0,0,0,0,0,1,0,0,0,0] },
                  { "src":0, "tgt":55, "labels":null, "values":[1,0,0,1,1,1,0,0,0,0,1,0,1,0,0,0,0,0,0,1,0,0,0,0] },
                  { "src":28, "tgt":75, "labels":null, "values":[1,0,0,1,1,1,0,0,0,0,1,0,1,0,0,0,0,0,0,1,0,0,0,0] },
                  { "src":3, "tgt":27, "labels":null, "values":[1,1,0,0,1,1,0,0,0,0,1,0,1,0,0,0,0,0,0,1,0,0,0,0] },
                  { "src":1, "tgt":31, "labels":null, "values":[1,0,0,1,1,1,0,0,0,0,1,0,1,0,0,0,0,0,0,1,0,0,0,0] },
                  { "src":11, "tgt":12, "labels":null, "values":[1,0,0,1,1,1,0,0,0,0,1,0,1,0,0,0,0,0,0,1,0,0,0,0] },
                  { "src":9, "tgt":17, "labels":null, "values":[1,0,0,1,1,1,0,0,0,0,1,0,1,0,0,0,0,0,0,1,0,0,0,0] },
                  { "src":19, "tgt":54, "labels":null, "values":[1,1,0,0,1,1,0,0,0,0,1,0,1,0,0,0,0,0,0,1,0,0,0,0] },
                  { "src":4, "tgt":87, "labels":null, "values":[1,0,0,1,1,1,0,0,0,0,1,0,1,0,0,0,0,0,0,1,0,0,0,0] },
                  { "src":24, "tgt":25, "labels":null, "values":[1,0,1,0,1,1,0,0,0,0,1,0,0,0,1,0,0,0,0,1,0,0,0,0] },
                  { "src":62, "tgt":66, "labels":null, "values":[2,1,0,1,2,2,0,0,0,0,2,1,1,0,0,0,0,0,0,2,0,0,0,0] },
                  { "src":13, "tgt":96, "labels":null, "values":[1,0,0,1,1,1,0,0,0,0,1,0,1,0,0,0,0,0,0,1,0,0,0,0] },
                  { "src":1, "tgt":3, "labels":null, "values":[1,1,0,0,1,1,0,0,0,0,1,0,1,0,0,0,0,0,0,1,0,0,0,0] },
                  { "src":28, "tgt":103, "labels":null, "values":[1,1,0,0,1,1,0,0,0,0,1,0,1,0,0,0,0,0,0,1,0,0,0,0] },
                  { "src":1, "tgt":65, "labels":null, "values":[1,1,0,0,1,1,0,0,0,0,1,0,1,0,0,0,0,0,0,1,0,0,0,0] },
                  { "src":3, "tgt":41, "labels":null, "values":[1,0,0,1,1,1,0,0,0,0,1,0,1,0,0,0,0,0,0,1,0,0,0,0] },
                  { "src":104, "tgt":105, "labels":null, "values":[1,1,0,0,1,1,0,0,0,0,1,0,1,0,0,0,0,0,0,1,0,0,0,0] },
                  { "src":41, "tgt":77, "labels":null, "values":[1,0,0,1,1,1,0,0,0,0,1,0,1,0,0,0,0,0,0,1,0,0,0,0] },
                  { "src":5, "tgt":91, "labels":null, "values":[1,0,0,1,1,1,0,0,0,0,1,0,1,0,0,0,0,0,0,1,0,0,0,0] },
                  { "src":76, "tgt":78, "labels":null, "values":[1,0,0,1,1,1,0,0,0,0,1,0,1,0,0,0,0,0,0,1,0,0,0,0] },
                  { "src":48, "tgt":49, "labels":null, "values":[1,1,0,0,1,1,0,0,0,0,1,0,1,0,0,0,0,0,0,1,0,0,0,0] },
                  { "src":2, "tgt":70, "labels":null, "values":[1,0,0,1,1,0,1,0,0,0,1,0,1,0,0,0,0,0,0,1,0,0,0,0] },
                  { "src":21, "tgt":76, "labels":null, "values":[1,0,0,1,1,1,0,0,0,0,1,0,1,0,0,0,0,0,0,1,0,0,0,0] },
                  { "src":4, "tgt":53, "labels":null, "values":[1,0,0,1,1,1,0,0,0,0,1,0,1,0,0,0,0,0,0,1,0,0,0,0] },
                  { "src":1, "tgt":38, "labels":null, "values":[1,1,0,0,1,1,0,0,0,0,1,0,1,0,0,0,0,0,0,1,0,0,0,0] },
                  { "src":7, "tgt":12, "labels":null, "values":[1,0,0,1,1,1,0,0,0,0,1,0,1,0,0,0,0,0,0,1,0,0,0,0] },
                  { "src":5, "tgt":18, "labels":null, "values":[1,1,0,0,1,1,0,0,0,0,1,0,1,0,0,0,0,0,0,1,0,0,0,0] },
                  { "src":23, "tgt":35, "labels":null, "values":[3,2,1,0,3,3,0,0,0,0,3,0,2,0,1,0,0,0,0,3,0,0,0,0] },
                  { "src":2, "tgt":27, "labels":null, "values":[1,1,0,0,1,1,0,0,0,0,1,0,1,0,0,0,0,0,0,1,0,0,0,0] },
                  { "src":14, "tgt":82, "labels":null, "values":[1,0,0,1,1,1,0,0,0,0,1,0,1,0,0,0,0,0,0,1,0,0,0,0] },
                  { "src":48, "tgt":59, "labels":null, "values":[1,1,0,0,1,1,0,0,0,0,1,0,1,0,0,0,0,0,0,1,0,0,0,0] },
                  { "src":5, "tgt":27, "labels":null, "values":[1,1,0,0,1,1,0,0,0,0,1,0,1,0,0,0,0,0,0,1,0,0,0,0] },
                  { "src":0, "tgt":79, "labels":null, "values":[1,0,0,1,1,1,0,0,0,0,1,0,1,0,0,0,0,0,0,1,0,0,0,0] },
                  { "src":7, "tgt":11, "labels":null, "values":[1,0,0,1,1,1,0,0,0,0,1,0,1,0,0,0,0,0,0,1,0,0,0,0] },
                  { "src":74, "tgt":75, "labels":null, "values":[1,0,0,1,1,1,0,0,0,0,1,0,1,0,0,0,0,0,0,1,0,0,0,0] },
                  { "src":115, "tgt":116, "labels":null, "values":[1,0,0,1,1,1,0,0,0,0,1,0,1,0,0,0,0,0,0,1,0,0,0,0] },
                  { "src":81, "tgt":82, "labels":null, "values":[1,0,0,1,1,1,0,0,0,0,1,0,1,0,0,0,0,0,0,1,0,0,0,0] },
                  { "src":2, "tgt":3, "labels":null, "values":[1,1,0,0,1,1,0,0,0,0,1,0,1,0,0,0,0,0,0,1,0,0,0,0] },
                  { "src":5, "tgt":93, "labels":null, "values":[1,0,0,1,1,1,0,0,0,0,1,0,1,0,0,0,0,0,0,1,0,0,0,0] },
                  { "src":79, "tgt":80, "labels":null, "values":[1,0,0,1,1,1,0,0,0,0,1,0,1,0,0,0,0,0,0,1,0,0,0,0] },
                  { "src":12, "tgt":83, "labels":null, "values":[1,0,0,1,1,1,0,0,0,0,1,0,1,0,0,0,0,0,0,1,0,0,0,0] },
                  { "src":3, "tgt":54, "labels":null, "values":[2,2,0,0,2,2,0,0,0,0,2,0,2,0,0,0,0,0,0,2,0,0,0,0] },
                  { "src":3, "tgt":103, "labels":null, "values":[1,1,0,0,1,1,0,0,0,0,1,0,1,0,0,0,0,0,0,1,0,0,0,0] },
                  { "src":2, "tgt":67, "labels":null, "values":[4,0,0,4,4,4,0,0,0,0,4,0,3,1,0,0,0,0,0,4,0,0,0,0] },
                  { "src":35, "tgt":105, "labels":null, "values":[1,1,0,0,1,1,0,0,0,0,1,0,1,0,0,0,0,0,0,1,0,0,0,0] },
                  { "src":46, "tgt":85, "labels":null, "values":[1,0,0,1,1,1,0,0,0,0,1,0,1,0,0,0,0,0,0,1,0,0,0,0] },
                  { "src":54, "tgt":115, "labels":null, "values":[1,0,0,1,1,1,0,0,0,0,1,0,1,0,0,0,0,0,0,1,0,0,0,0] },
                  { "src":7, "tgt":83, "labels":null, "values":[1,0,0,1,1,1,0,0,0,0,1,0,1,0,0,0,0,0,0,1,0,0,0,0] },
                  { "src":51, "tgt":52, "labels":null, "values":[1,1,0,0,1,1,0,0,0,0,1,0,1,0,0,0,0,0,0,1,0,0,0,0] },
                  { "src":50, "tgt":72, "labels":null, "values":[1,1,0,0,1,1,0,0,0,0,1,0,1,0,0,0,0,0,0,1,0,0,0,0] },
                  { "src":3, "tgt":76, "labels":null, "values":[1,0,0,1,1,1,0,0,0,0,1,0,1,0,0,0,0,0,0,1,0,0,0,0] },
                  { "src":1, "tgt":4, "labels":null, "values":[1,1,0,0,1,1,0,0,0,0,1,0,1,0,0,0,0,0,0,1,0,0,0,0] },
                  { "src":68, "tgt":71, "labels":null, "values":[1,1,0,0,1,1,0,0,0,0,1,0,1,0,0,0,0,0,0,1,0,0,0,0] },
                  { "src":3, "tgt":5, "labels":null, "values":[1,1,0,0,1,1,0,0,0,0,1,0,1,0,0,0,0,0,0,1,0,0,0,0] },
                  { "src":41, "tgt":76, "labels":null, "values":[1,0,0,1,1,1,0,0,0,0,1,0,1,0,0,0,0,0,0,1,0,0,0,0] },
                  { "src":0, "tgt":98, "labels":null, "values":[1,0,0,1,1,0,1,0,0,0,1,0,1,0,0,0,0,0,0,1,0,0,0,0] },
                  { "src":8, "tgt":69, "labels":null, "values":[1,1,0,0,1,1,0,0,0,0,1,0,1,0,0,0,0,0,0,1,0,0,0,0] },
                  { "src":3, "tgt":78, "labels":null, "values":[1,0,0,1,1,1,0,0,0,0,1,0,1,0,0,0,0,0,0,1,0,0,0,0] },
                  { "src":0, "tgt":40, "labels":null, "values":[1,0,0,1,1,1,0,0,0,0,1,0,1,0,0,0,0,0,0,1,0,0,0,0] },
                  { "src":42, "tgt":68, "labels":null, "values":[1,1,0,0,1,1,0,0,0,0,1,0,1,0,0,0,0,0,0,1,0,0,0,0] },
                  { "src":3, "tgt":104, "labels":null, "values":[1,1,0,0,1,1,0,0,0,0,1,0,1,0,0,0,0,0,0,1,0,0,0,0] },
                  { "src":33, "tgt":35, "labels":null, "values":[3,2,1,0,3,3,0,0,0,0,3,0,2,0,1,0,0,0,0,3,0,0,0,0] },
                  { "src":0, "tgt":3, "labels":null, "values":[2,1,0,1,2,2,0,0,0,0,2,0,2,0,0,0,0,0,0,2,0,0,0,0] },
                  { "src":61, "tgt":62, "labels":null, "values":[2,1,0,1,2,2,0,0,0,0,2,1,1,0,0,0,0,0,0,2,0,0,0,0] },
                  { "src":3, "tgt":79, "labels":null, "values":[1,0,0,1,1,1,0,0,0,0,1,0,1,0,0,0,0,0,0,1,0,0,0,0] },
                  { "src":3, "tgt":34, "labels":null, "values":[2,2,0,0,2,2,0,0,0,0,2,0,2,0,0,0,0,0,0,2,0,0,0,0] },
                  { "src":107, "tgt":113, "labels":null, "values":[1,1,0,0,1,1,0,0,0,0,1,0,1,0,0,0,0,0,0,1,0,0,0,0] },
                  { "src":109, "tgt":110, "labels":null, "values":[1,1,0,0,1,1,0,0,0,0,1,0,1,0,0,0,0,0,0,1,0,0,0,0] },
                  { "src":3, "tgt":40, "labels":null, "values":[2,2,0,0,2,2,0,0,0,0,2,0,2,0,0,0,0,0,0,2,0,0,0,0] },
                  { "src":34, "tgt":55, "labels":null, "values":[1,1,0,0,1,1,0,0,0,0,1,0,1,0,0,0,0,0,0,1,0,0,0,0] },
                  { "src":76, "tgt":77, "labels":null, "values":[1,0,0,1,1,1,0,0,0,0,1,0,1,0,0,0,0,0,0,1,0,0,0,0] },
                  { "src":48, "tgt":63, "labels":null, "values":[2,1,0,1,2,2,0,0,0,0,2,1,1,0,0,0,0,0,0,2,0,0,0,0] },
                  { "src":4, "tgt":88, "labels":null, "values":[1,0,0,1,1,1,0,0,0,0,1,0,1,0,0,0,0,0,0,1,0,0,0,0] },
                  { "src":14, "tgt":56, "labels":null, "values":[1,0,0,1,1,1,0,0,0,0,1,0,1,0,0,0,0,0,0,1,0,0,0,0] },
                  { "src":91, "tgt":92, "labels":null, "values":[1,0,0,1,1,1,0,0,0,0,1,0,1,0,0,0,0,0,0,1,0,0,0,0] },
                  { "src":33, "tgt":105, "labels":null, "values":[1,1,0,0,1,1,0,0,0,0,1,0,1,0,0,0,0,0,0,1,0,0,0,0] },
                  { "src":1, "tgt":59, "labels":null, "values":[1,1,0,0,1,1,0,0,0,0,1,0,1,0,0,0,0,0,0,1,0,0,0,0] },
                  { "src":45, "tgt":89, "labels":null, "values":[1,0,0,1,1,1,0,0,0,0,1,0,1,0,0,0,0,0,0,1,0,0,0,0] },
                  { "src":0, "tgt":97, "labels":null, "values":[1,0,0,1,1,1,0,0,0,0,1,0,1,0,0,0,0,0,0,1,0,0,0,0] },
                  { "src":23, "tgt":105, "labels":null, "values":[1,1,0,0,1,1,0,0,0,0,1,0,1,0,0,0,0,0,0,1,0,0,0,0] },
                  { "src":108, "tgt":109, "labels":null, "values":[1,1,0,0,1,1,0,0,0,0,1,0,1,0,0,0,0,0,0,1,0,0,0,0] },
                  { "src":1, "tgt":60, "labels":null, "values":[1,1,0,0,1,1,0,0,0,0,1,0,1,0,0,0,0,0,0,1,0,0,0,0] },
                  { "src":37, "tgt":45, "labels":null, "values":[1,0,0,1,1,1,0,0,0,0,1,0,1,0,0,0,0,0,0,1,0,0,0,0] },
                  { "src":19, "tgt":26, "labels":null, "values":[1,1,0,0,1,1,0,0,0,0,1,0,1,0,0,0,0,0,0,1,0,0,0,0] },
                  { "src":12, "tgt":17, "labels":null, "values":[1,0,0,1,1,1,0,0,0,0,1,0,1,0,0,0,0,0,0,1,0,0,0,0] },
                  { "src":4, "tgt":86, "labels":null, "values":[1,0,0,1,1,1,0,0,0,0,1,0,1,0,0,0,0,0,0,1,0,0,0,0] },
                  { "src":37, "tgt":89, "labels":null, "values":[1,0,0,1,1,1,0,0,0,0,1,0,1,0,0,0,0,0,0,1,0,0,0,0] },
                  { "src":49, "tgt":59, "labels":null, "values":[1,1,0,0,1,1,0,0,0,0,1,0,1,0,0,0,0,0,0,1,0,0,0,0] },
                  { "src":2, "tgt":42, "labels":null, "values":[1,1,0,0,1,1,0,0,0,0,1,0,1,0,0,0,0,0,0,1,0,0,0,0] },
                  { "src":3, "tgt":4, "labels":null, "values":[1,1,0,0,1,1,0,0,0,0,1,0,1,0,0,0,0,0,0,1,0,0,0,0] },
                  { "src":8, "tgt":99, "labels":null, "values":[1,0,0,1,1,0,1,0,0,0,1,0,1,0,0,0,0,0,0,1,0,0,0,0] },
                  { "src":66, "tgt":112, "labels":null, "values":[1,0,0,1,1,1,0,0,0,0,1,1,0,0,0,0,0,0,0,1,0,0,0,0] },
                  { "src":23, "tgt":24, "labels":null, "values":[1,0,1,0,1,1,0,0,0,0,1,0,0,0,1,0,0,0,0,1,0,0,0,0] },
                  { "src":24, "tgt":33, "labels":null, "values":[1,0,1,0,1,1,0,0,0,0,1,0,0,0,1,0,0,0,0,1,0,0,0,0] },
                  { "src":14, "tgt":17, "labels":null, "values":[1,0,0,1,1,1,0,0,0,0,1,0,1,0,0,0,0,0,0,1,0,0,0,0] },
                  { "src":28, "tgt":76, "labels":null, "values":[1,0,0,1,1,1,0,0,0,0,1,0,1,0,0,0,0,0,0,1,0,0,0,0] },
                  { "src":27, "tgt":109, "labels":null, "values":[1,1,0,0,1,1,0,0,0,0,1,0,1,0,0,0,0,0,0,1,0,0,0,0] },
                  { "src":24, "tgt":35, "labels":null, "values":[1,0,1,0,1,1,0,0,0,0,1,0,0,0,1,0,0,0,0,1,0,0,0,0] },
                  { "src":54, "tgt":55, "labels":null, "values":[1,1,0,0,1,1,0,0,0,0,1,0,1,0,0,0,0,0,0,1,0,0,0,0] },
                  { "src":44, "tgt":87, "labels":null, "values":[1,0,0,1,1,1,0,0,0,0,1,0,1,0,0,0,0,0,0,1,0,0,0,0] },
                  { "src":5, "tgt":30, "labels":null, "values":[2,2,0,0,2,2,0,0,0,0,2,0,2,0,0,0,0,0,0,2,0,0,0,0] },
                  { "src":3, "tgt":73, "labels":null, "values":[1,0,1,0,1,1,0,0,0,0,1,1,0,0,0,0,0,0,0,1,0,0,0,0] },
                  { "src":3, "tgt":55, "labels":null, "values":[1,1,0,0,1,1,0,0,0,0,1,0,1,0,0,0,0,0,0,1,0,0,0,0] },
                  { "src":49, "tgt":57, "labels":null, "values":[1,1,0,0,1,1,0,0,0,0,1,0,1,0,0,0,0,0,0,1,0,0,0,0] },
                  { "src":76, "tgt":102, "labels":null, "values":[1,0,0,1,1,1,0,0,0,0,1,0,1,0,0,0,0,0,0,1,0,0,0,0] },
                  { "src":63, "tgt":66, "labels":null, "values":[2,1,0,1,2,2,0,0,0,0,2,1,1,0,0,0,0,0,0,2,0,0,0,0] },
                  { "src":54, "tgt":114, "labels":null, "values":[1,0,0,1,1,1,0,0,0,0,1,0,1,0,0,0,0,0,0,1,0,0,0,0] },
                  { "src":28, "tgt":102, "labels":null, "values":[2,1,0,1,2,2,0,0,0,0,2,0,2,0,0,0,0,0,0,2,0,0,0,0] },
                  { "src":48, "tgt":64, "labels":null, "values":[2,1,0,1,2,2,0,0,0,0,2,1,1,0,0,0,0,0,0,2,0,0,0,0] },
                  { "src":21, "tgt":77, "labels":null, "values":[1,0,0,1,1,1,0,0,0,0,1,0,1,0,0,0,0,0,0,1,0,0,0,0] },
                  { "src":1, "tgt":112, "labels":null, "values":[1,0,0,1,1,1,0,0,0,0,1,1,0,0,0,0,0,0,0,1,0,0,0,0] },
                  { "src":27, "tgt":110, "labels":null, "values":[1,1,0,0,1,1,0,0,0,0,1,0,1,0,0,0,0,0,0,1,0,0,0,0] },
                  { "src":33, "tgt":104, "labels":null, "values":[1,1,0,0,1,1,0,0,0,0,1,0,1,0,0,0,0,0,0,1,0,0,0,0] },
                  { "src":0, "tgt":39, "labels":null, "values":[2,0,0,2,2,2,0,0,0,0,2,0,2,0,0,0,0,0,0,2,0,0,0,0] },
                  { "src":1, "tgt":111, "labels":null, "values":[1,0,0,1,1,1,0,0,0,0,1,0,1,0,0,0,0,0,0,1,0,0,0,0] },
                  { "src":36, "tgt":45, "labels":null, "values":[1,0,0,1,1,1,0,0,0,0,1,0,1,0,0,0,0,0,0,1,0,0,0,0] },
                  { "src":36, "tgt":88, "labels":null, "values":[1,0,0,1,1,1,0,0,0,0,1,0,1,0,0,0,0,0,0,1,0,0,0,0] },
                  { "src":3, "tgt":24, "labels":null, "values":[1,0,1,0,1,1,0,0,0,0,1,0,0,0,1,0,0,0,0,1,0,0,0,0] },
                  { "src":3, "tgt":26, "labels":null, "values":[1,1,0,0,1,1,0,0,0,0,1,0,1,0,0,0,0,0,0,1,0,0,0,0] },
                  { "src":46, "tgt":47, "labels":null, "values":[1,0,0,1,1,1,0,0,0,0,1,0,1,0,0,0,0,0,0,1,0,0,0,0] },
                  { "src":26, "tgt":34, "labels":null, "values":[1,1,0,0,1,1,0,0,0,0,1,0,1,0,0,0,0,0,0,1,0,0,0,0] },
                  { "src":3, "tgt":105, "labels":null, "values":[1,1,0,0,1,1,0,0,0,0,1,0,1,0,0,0,0,0,0,1,0,0,0,0] },
                  { "src":63, "tgt":112, "labels":null, "values":[1,0,0,1,1,1,0,0,0,0,1,1,0,0,0,0,0,0,0,1,0,0,0,0] },
                  { "src":63, "tgt":65, "labels":null, "values":[1,1,0,0,1,1,0,0,0,0,1,0,1,0,0,0,0,0,0,1,0,0,0,0] },
                  { "src":68, "tgt":69, "labels":null, "values":[1,1,0,0,1,1,0,0,0,0,1,0,1,0,0,0,0,0,0,1,0,0,0,0] },
                  { "src":77, "tgt":102, "labels":null, "values":[1,0,0,1,1,1,0,0,0,0,1,0,1,0,0,0,0,0,0,1,0,0,0,0] },
                  { "src":48, "tgt":57, "labels":null, "values":[1,1,0,0,1,1,0,0,0,0,1,0,1,0,0,0,0,0,0,1,0,0,0,0] },
                  { "src":23, "tgt":25, "labels":null, "values":[3,2,1,0,3,3,0,0,0,0,3,0,2,0,1,0,0,0,0,3,0,0,0,0] },
                  { "src":108, "tgt":113, "labels":null, "values":[1,1,0,0,1,1,0,0,0,0,1,0,1,0,0,0,0,0,0,1,0,0,0,0] },
                  { "src":3, "tgt":25, "labels":null, "values":[3,2,1,0,3,3,0,0,0,0,3,0,2,0,1,0,0,0,0,3,0,0,0,0] },
                  { "src":37, "tgt":90, "labels":null, "values":[1,0,0,1,1,1,0,0,0,0,1,0,1,0,0,0,0,0,0,1,0,0,0,0] },
                  { "src":3, "tgt":102, "labels":null, "values":[2,1,0,1,2,2,0,0,0,0,2,0,2,0,0,0,0,0,0,2,0,0,0,0] },
                  { "src":0, "tgt":100, "labels":null, "values":[1,0,0,1,1,0,1,0,0,0,1,0,1,0,0,0,0,0,0,1,0,0,0,0] },
                  { "src":1, "tgt":57, "labels":null, "values":[1,1,0,0,1,1,0,0,0,0,1,0,1,0,0,0,0,0,0,1,0,0,0,0] },
                  { "src":3, "tgt":20, "labels":null, "values":[1,0,0,1,1,1,0,0,0,0,1,0,1,0,0,0,0,0,0,1,0,0,0,0] },
                  { "src":9, "tgt":11, "labels":null, "values":[1,0,0,1,1,1,0,0,0,0,1,0,1,0,0,0,0,0,0,1,0,0,0,0] },
                  { "src":2, "tgt":8, "labels":null, "values":[2,1,0,1,2,1,1,0,0,0,2,0,2,0,0,0,0,0,0,2,0,0,0,0] },
                  { "src":56, "tgt":83, "labels":null, "values":[1,0,0,1,1,1,0,0,0,0,1,0,1,0,0,0,0,0,0,1,0,0,0,0] },
                  { "src":5, "tgt":53, "labels":null, "values":[1,0,0,1,1,1,0,0,0,0,1,0,1,0,0,0,0,0,0,1,0,0,0,0] },
                  { "src":46, "tgt":84, "labels":null, "values":[1,0,0,1,1,1,0,0,0,0,1,0,1,0,0,0,0,0,0,1,0,0,0,0] },
                  { "src":61, "tgt":65, "labels":null, "values":[1,1,0,0,1,1,0,0,0,0,1,0,1,0,0,0,0,0,0,1,0,0,0,0] },
                  { "src":7, "tgt":14, "labels":null, "values":[1,0,0,1,1,1,0,0,0,0,1,0,1,0,0,0,0,0,0,1,0,0,0,0] },
                  { "src":1, "tgt":5, "labels":null, "values":[1,1,0,0,1,1,0,0,0,0,1,0,1,0,0,0,0,0,0,1,0,0,0,0] },
                  { "src":2, "tgt":16, "labels":null, "values":[2,2,0,0,2,2,0,0,0,0,2,0,2,0,0,0,0,0,0,2,0,0,0,0] },
                  { "src":64, "tgt":112, "labels":null, "values":[1,0,0,1,1,1,0,0,0,0,1,1,0,0,0,0,0,0,0,1,0,0,0,0] },
                  { "src":61, "tgt":64, "labels":null, "values":[2,1,0,1,2,2,0,0,0,0,2,1,1,0,0,0,0,0,0,2,0,0,0,0] },
                  { "src":27, "tgt":108, "labels":null, "values":[1,1,0,0,1,1,0,0,0,0,1,0,1,0,0,0,0,0,0,1,0,0,0,0] },
                  { "src":61, "tgt":63, "labels":null, "values":[2,1,0,1,2,2,0,0,0,0,2,1,1,0,0,0,0,0,0,2,0,0,0,0] },
                  { "src":48, "tgt":58, "labels":null, "values":[1,1,0,0,1,1,0,0,0,0,1,0,1,0,0,0,0,0,0,1,0,0,0,0] },
                  { "src":33, "tgt":40, "labels":null, "values":[2,2,0,0,2,2,0,0,0,0,2,0,2,0,0,0,0,0,0,2,0,0,0,0] },
                  { "src":62, "tgt":112, "labels":null, "values":[1,0,0,1,1,1,0,0,0,0,1,1,0,0,0,0,0,0,0,1,0,0,0,0] },
                  { "src":1, "tgt":58, "labels":null, "values":[1,1,0,0,1,1,0,0,0,0,1,0,1,0,0,0,0,0,0,1,0,0,0,0] },
                  { "src":27, "tgt":101, "labels":null, "values":[1,0,0,1,1,1,0,0,0,0,1,0,0,1,0,0,0,0,0,1,0,0,0,0] },
                  { "src":58, "tgt":60, "labels":null, "values":[1,1,0,0,1,1,0,0,0,0,1,0,1,0,0,0,0,0,0,1,0,0,0,0] },
                  { "src":15, "tgt":70, "labels":null, "values":[1,0,0,1,1,0,1,0,0,0,1,0,1,0,0,0,0,0,0,1,0,0,0,0] },
                  { "src":3, "tgt":33, "labels":null, "values":[4,2,2,0,4,4,0,0,0,0,4,1,2,0,1,0,0,0,0,4,0,0,0,0] },
                  { "src":42, "tgt":69, "labels":null, "values":[1,1,0,0,1,1,0,0,0,0,1,0,1,0,0,0,0,0,0,1,0,0,0,0] },
                  { "src":3, "tgt":74, "labels":null, "values":[1,0,0,1,1,1,0,0,0,0,1,0,1,0,0,0,0,0,0,1,0,0,0,0] },
                  { "src":8, "tgt":100, "labels":null, "values":[1,0,0,1,1,0,1,0,0,0,1,0,1,0,0,0,0,0,0,1,0,0,0,0] },
                  { "src":40, "tgt":55, "labels":null, "values":[1,0,0,1,1,1,0,0,0,0,1,0,1,0,0,0,0,0,0,1,0,0,0,0] },
                  { "src":62, "tgt":64, "labels":null, "values":[2,1,0,1,2,2,0,0,0,0,2,1,1,0,0,0,0,0,0,2,0,0,0,0] },
                  { "src":21, "tgt":41, "labels":null, "values":[1,0,0,1,1,1,0,0,0,0,1,0,1,0,0,0,0,0,0,1,0,0,0,0] },
                  { "src":1, "tgt":49, "labels":null, "values":[1,1,0,0,1,1,0,0,0,0,1,0,1,0,0,0,0,0,0,1,0,0,0,0] },
                  { "src":64, "tgt":65, "labels":null, "values":[1,1,0,0,1,1,0,0,0,0,1,0,1,0,0,0,0,0,0,1,0,0,0,0] },
                  { "src":0, "tgt":6, "labels":null, "values":[1,0,0,1,1,1,0,0,0,0,1,0,1,0,0,0,0,0,0,1,0,0,0,0] },
                  { "src":12, "tgt":22, "labels":null, "values":[1,0,0,1,1,1,0,0,0,0,1,0,1,0,0,0,0,0,0,1,0,0,0,0] },
                  { "src":3, "tgt":35, "labels":null, "values":[3,2,1,0,3,3,0,0,0,0,3,0,2,0,1,0,0,0,0,3,0,0,0,0] },
                  { "src":25, "tgt":105, "labels":null, "values":[1,1,0,0,1,1,0,0,0,0,1,0,1,0,0,0,0,0,0,1,0,0,0,0] },
                  { "src":57, "tgt":59, "labels":null, "values":[1,1,0,0,1,1,0,0,0,0,1,0,1,0,0,0,0,0,0,1,0,0,0,0] },
                  { "src":4, "tgt":84, "labels":null, "values":[1,0,0,1,1,1,0,0,0,0,1,0,1,0,0,0,0,0,0,1,0,0,0,0] },
                  { "src":3, "tgt":19, "labels":null, "values":[2,2,0,0,2,2,0,0,0,0,2,0,2,0,0,0,0,0,0,2,0,0,0,0] },
                  { "src":0, "tgt":8, "labels":null, "values":[1,0,0,1,1,0,1,0,0,0,1,0,1,0,0,0,0,0,0,1,0,0,0,0] },
                  { "src":61, "tgt":66, "labels":null, "values":[2,1,0,1,2,2,0,0,0,0,2,1,1,0,0,0,0,0,0,2,0,0,0,0] },
                  { "src":78, "tgt":102, "labels":null, "values":[1,0,0,1,1,1,0,0,0,0,1,0,1,0,0,0,0,0,0,1,0,0,0,0] },
                  { "src":7, "tgt":17, "labels":null, "values":[1,0,0,1,1,1,0,0,0,0,1,0,1,0,0,0,0,0,0,1,0,0,0,0] },
                  { "src":2, "tgt":5, "labels":null, "values":[1,1,0,0,1,1,0,0,0,0,1,0,1,0,0,0,0,0,0,1,0,0,0,0] },
                  { "src":4, "tgt":54, "labels":null, "values":[1,1,0,0,1,1,0,0,0,0,1,0,1,0,0,0,0,0,0,1,0,0,0,0] },
                  { "src":20, "tgt":28, "labels":null, "values":[1,0,0,1,1,1,0,0,0,0,1,0,1,0,0,0,0,0,0,1,0,0,0,0] },
                  { "src":39, "tgt":40, "labels":null, "values":[1,0,0,1,1,1,0,0,0,0,1,0,1,0,0,0,0,0,0,1,0,0,0,0] },
                  { "src":93, "tgt":94, "labels":null, "values":[1,0,0,1,1,1,0,0,0,0,1,0,1,0,0,0,0,0,0,1,0,0,0,0] },
                  { "src":62, "tgt":65, "labels":null, "values":[1,1,0,0,1,1,0,0,0,0,1,0,1,0,0,0,0,0,0,1,0,0,0,0] },
                  { "src":34, "tgt":54, "labels":null, "values":[1,1,0,0,1,1,0,0,0,0,1,0,1,0,0,0,0,0,0,1,0,0,0,0] },
                  { "src":4, "tgt":47, "labels":null, "values":[1,0,0,1,1,1,0,0,0,0,1,0,1,0,0,0,0,0,0,1,0,0,0,0] },
                  { "src":7, "tgt":9, "labels":null, "values":[1,0,0,1,1,1,0,0,0,0,1,0,1,0,0,0,0,0,0,1,0,0,0,0] },
                  { "src":36, "tgt":90, "labels":null, "values":[1,0,0,1,1,1,0,0,0,0,1,0,1,0,0,0,0,0,0,1,0,0,0,0] },
                  { "src":13, "tgt":43, "labels":null, "values":[1,1,0,0,1,1,0,0,0,0,1,0,1,0,0,0,0,0,0,1,0,0,0,0] },
                  { "src":25, "tgt":33, "labels":null, "values":[3,2,1,0,3,3,0,0,0,0,3,0,2,0,1,0,0,0,0,3,0,0,0,0] },
                  { "src":12, "tgt":82, "labels":null, "values":[1,0,0,1,1,1,0,0,0,0,1,0,1,0,0,0,0,0,0,1,0,0,0,0] },
                  { "src":0, "tgt":54, "labels":null, "values":[1,1,0,0,1,1,0,0,0,0,1,0,1,0,0,0,0,0,0,1,0,0,0,0] },
                  { "src":77, "tgt":78, "labels":null, "values":[1,0,0,1,1,1,0,0,0,0,1,0,1,0,0,0,0,0,0,1,0,0,0,0] },
                  { "src":61, "tgt":112, "labels":null, "values":[1,0,0,1,1,1,0,0,0,0,1,1,0,0,0,0,0,0,0,1,0,0,0,0] },
                  { "src":37, "tgt":88, "labels":null, "values":[1,0,0,1,1,1,0,0,0,0,1,0,1,0,0,0,0,0,0,1,0,0,0,0] },
                  { "src":2, "tgt":54, "labels":null, "values":[1,1,0,0,1,1,0,0,0,0,1,0,1,0,0,0,0,0,0,1,0,0,0,0] },
                  { "src":3, "tgt":23, "labels":null, "values":[3,2,1,0,3,3,0,0,0,0,3,0,2,0,1,0,0,0,0,3,0,0,0,0] },
                  { "src":5, "tgt":95, "labels":null, "values":[1,0,0,1,1,1,0,0,0,0,1,0,1,0,0,0,0,0,0,1,0,0,0,0] },
                  { "src":20, "tgt":74, "labels":null, "values":[1,0,0,1,1,1,0,0,0,0,1,0,1,0,0,0,0,0,0,1,0,0,0,0] },
                  { "src":65, "tgt":66, "labels":null, "values":[1,1,0,0,1,1,0,0,0,0,1,0,1,0,0,0,0,0,0,1,0,0,0,0] },
                  { "src":17, "tgt":22, "labels":null, "values":[1,0,0,1,1,1,0,0,0,0,1,0,1,0,0,0,0,0,0,1,0,0,0,0] },
                  { "src":4, "tgt":37, "labels":null, "values":[1,0,0,1,1,1,0,0,0,0,1,0,1,0,0,0,0,0,0,1,0,0,0,0] },
                  { "src":19, "tgt":34, "labels":null, "values":[2,2,0,0,2,2,0,0,0,0,2,0,2,0,0,0,0,0,0,2,0,0,0,0] },
                  { "src":9, "tgt":82, "labels":null, "values":[1,0,0,1,1,1,0,0,0,0,1,0,1,0,0,0,0,0,0,1,0,0,0,0] },
                  { "src":69, "tgt":71, "labels":null, "values":[1,1,0,0,1,1,0,0,0,0,1,0,1,0,0,0,0,0,0,1,0,0,0,0] },
                  { "src":35, "tgt":40, "labels":null, "values":[2,2,0,0,2,2,0,0,0,0,2,0,2,0,0,0,0,0,0,2,0,0,0,0] },
                  { "src":12, "tgt":81, "labels":null, "values":[1,0,0,1,1,1,0,0,0,0,1,0,1,0,0,0,0,0,0,1,0,0,0,0] },
                  { "src":25, "tgt":104, "labels":null, "values":[1,1,0,0,1,1,0,0,0,0,1,0,1,0,0,0,0,0,0,1,0,0,0,0] },
                  { "src":21, "tgt":28, "labels":null, "values":[1,0,0,1,1,1,0,0,0,0,1,0,1,0,0,0,0,0,0,1,0,0,0,0] },
                  { "src":42, "tgt":71, "labels":null, "values":[1,1,0,0,1,1,0,0,0,0,1,0,1,0,0,0,0,0,0,1,0,0,0,0] },
                  { "src":14, "tgt":81, "labels":null, "values":[1,0,0,1,1,1,0,0,0,0,1,0,1,0,0,0,0,0,0,1,0,0,0,0] },
                  { "src":48, "tgt":112, "labels":null, "values":[1,0,0,1,1,1,0,0,0,0,1,1,0,0,0,0,0,0,0,1,0,0,0,0] },
                  { "src":1, "tgt":48, "labels":null, "values":[3,2,0,1,3,3,0,0,0,0,3,1,2,0,0,0,0,0,0,3,0,0,0,0] },
                  { "src":110, "tgt":113, "labels":null, "values":[1,1,0,0,1,1,0,0,0,0,1,0,1,0,0,0,0,0,0,1,0,0,0,0] },
                  { "src":58, "tgt":59, "labels":null, "values":[1,1,0,0,1,1,0,0,0,0,1,0,1,0,0,0,0,0,0,1,0,0,0,0] },
                  { "src":88, "tgt":89, "labels":null, "values":[1,0,0,1,1,1,0,0,0,0,1,0,1,0,0,0,0,0,0,1,0,0,0,0] },
                  { "src":88, "tgt":90, "labels":null, "values":[1,0,0,1,1,1,0,0,0,0,1,0,1,0,0,0,0,0,0,1,0,0,0,0] },
                  { "src":89, "tgt":90, "labels":null, "values":[1,0,0,1,1,1,0,0,0,0,1,0,1,0,0,0,0,0,0,1,0,0,0,0] },
                  { "src":27, "tgt":113, "labels":null, "values":[1,1,0,0,1,1,0,0,0,0,1,0,1,0,0,0,0,0,0,1,0,0,0,0] },
                  { "src":48, "tgt":65, "labels":null, "values":[1,1,0,0,1,1,0,0,0,0,1,0,1,0,0,0,0,0,0,1,0,0,0,0] },
                  { "src":28, "tgt":41, "labels":null, "values":[1,0,0,1,1,1,0,0,0,0,1,0,1,0,0,0,0,0,0,1,0,0,0,0] },
                  { "src":7, "tgt":22, "labels":null, "values":[1,0,0,1,1,1,0,0,0,0,1,0,1,0,0,0,0,0,0,1,0,0,0,0] },
                  { "src":1, "tgt":61, "labels":null, "values":[2,1,0,1,2,2,0,0,0,0,2,1,1,0,0,0,0,0,0,2,0,0,0,0] },
                  { "src":23, "tgt":104, "labels":null, "values":[1,1,0,0,1,1,0,0,0,0,1,0,1,0,0,0,0,0,0,1,0,0,0,0] },
                  { "src":22, "tgt":56, "labels":null, "values":[1,0,0,1,1,1,0,0,0,0,1,0,1,0,0,0,0,0,0,1,0,0,0,0] },
                  { "src":12, "tgt":56, "labels":null, "values":[1,0,0,1,1,1,0,0,0,0,1,0,1,0,0,0,0,0,0,1,0,0,0,0] },
                  { "src":41, "tgt":102, "labels":null, "values":[1,0,0,1,1,1,0,0,0,0,1,0,1,0,0,0,0,0,0,1,0,0,0,0] },
                  { "src":6, "tgt":97, "labels":null, "values":[1,0,0,1,1,1,0,0,0,0,1,0,1,0,0,0,0,0,0,1,0,0,0,0] },
                  { "src":17, "tgt":81, "labels":null, "values":[1,0,0,1,1,1,0,0,0,0,1,0,1,0,0,0,0,0,0,1,0,0,0,0] },
                  { "src":107, "tgt":108, "labels":null, "values":[1,1,0,0,1,1,0,0,0,0,1,0,1,0,0,0,0,0,0,1,0,0,0,0] },
                  { "src":40, "tgt":104, "labels":null, "values":[1,1,0,0,1,1,0,0,0,0,1,0,1,0,0,0,0,0,0,1,0,0,0,0] },
                  { "src":56, "tgt":82, "labels":null, "values":[1,0,0,1,1,1,0,0,0,0,1,0,1,0,0,0,0,0,0,1,0,0,0,0] },
                  { "src":14, "tgt":22, "labels":null, "values":[1,0,0,1,1,1,0,0,0,0,1,0,1,0,0,0,0,0,0,1,0,0,0,0] },
                  { "src":9, "tgt":12, "labels":null, "values":[1,0,0,1,1,1,0,0,0,0,1,0,1,0,0,0,0,0,0,1,0,0,0,0] },
                  { "src":22, "tgt":81, "labels":null, "values":[1,0,0,1,1,1,0,0,0,0,1,0,1,0,0,0,0,0,0,1,0,0,0,0] },
                  { "src":57, "tgt":60, "labels":null, "values":[1,1,0,0,1,1,0,0,0,0,1,0,1,0,0,0,0,0,0,1,0,0,0,0] },
                  { "src":3, "tgt":75, "labels":null, "values":[1,0,0,1,1,1,0,0,0,0,1,0,1,0,0,0,0,0,0,1,0,0,0,0] },
                  { "src":3, "tgt":77, "labels":null, "values":[1,0,0,1,1,1,0,0,0,0,1,0,1,0,0,0,0,0,0,1,0,0,0,0] },
                  { "src":2, "tgt":100, "labels":null, "values":[1,0,0,1,1,0,1,0,0,0,1,0,1,0,0,0,0,0,0,1,0,0,0,0] },
                  { "src":25, "tgt":35, "labels":null, "values":[3,2,1,0,3,3,0,0,0,0,3,0,2,0,1,0,0,0,0,3,0,0,0,0] },
                  { "src":21, "tgt":102, "labels":null, "values":[1,0,0,1,1,1,0,0,0,0,1,0,1,0,0,0,0,0,0,1,0,0,0,0] },
                  { "src":1, "tgt":54, "labels":null, "values":[1,1,0,0,1,1,0,0,0,0,1,0,1,0,0,0,0,0,0,1,0,0,0,0] },
                  { "src":35, "tgt":104, "labels":null, "values":[1,1,0,0,1,1,0,0,0,0,1,0,1,0,0,0,0,0,0,1,0,0,0,0] },
                  { "src":0, "tgt":99, "labels":null, "values":[1,0,0,1,1,0,1,0,0,0,1,0,1,0,0,0,0,0,0,1,0,0,0,0] },
                  { "src":84, "tgt":85, "labels":null, "values":[1,0,0,1,1,1,0,0,0,0,1,0,1,0,0,0,0,0,0,1,0,0,0,0] },
                  { "src":49, "tgt":58, "labels":null, "values":[1,1,0,0,1,1,0,0,0,0,1,0,1,0,0,0,0,0,0,1,0,0,0,0] },
                  { "src":1, "tgt":62, "labels":null, "values":[2,1,0,1,2,2,0,0,0,0,2,1,1,0,0,0,0,0,0,2,0,0,0,0] },
                  { "src":8, "tgt":68, "labels":null, "values":[1,1,0,0,1,1,0,0,0,0,1,0,1,0,0,0,0,0,0,1,0,0,0,0] },
                  { "src":39, "tgt":55, "labels":null, "values":[1,0,0,1,1,1,0,0,0,0,1,0,1,0,0,0,0,0,0,1,0,0,0,0] },
                  { "src":54, "tgt":116, "labels":null, "values":[1,0,0,1,1,1,0,0,0,0,1,0,1,0,0,0,0,0,0,1,0,0,0,0] },
                  { "src":48, "tgt":66, "labels":null, "values":[2,1,0,1,2,2,0,0,0,0,2,1,1,0,0,0,0,0,0,2,0,0,0,0] },
                  { "src":4, "tgt":46, "labels":null, "values":[1,0,0,1,1,1,0,0,0,0,1,0,1,0,0,0,0,0,0,1,0,0,0,0] },
                  { "src":5, "tgt":86, "labels":null, "values":[1,0,0,1,1,1,0,0,0,0,1,0,1,0,0,0,0,0,0,1,0,0,0,0] },
                  { "src":4, "tgt":45, "labels":null, "values":[1,0,0,1,1,1,0,0,0,0,1,0,1,0,0,0,0,0,0,1,0,0,0,0] },
                  { "src":0, "tgt":101, "labels":null, "values":[1,0,0,1,1,1,0,0,0,0,1,0,0,1,0,0,0,0,0,1,0,0,0,0] },
                  { "src":4, "tgt":36, "labels":null, "values":[1,0,0,1,1,1,0,0,0,0,1,0,1,0,0,0,0,0,0,1,0,0,0,0] },
                  { "src":4, "tgt":27, "labels":null, "values":[1,1,0,0,1,1,0,0,0,0,1,0,1,0,0,0,0,0,0,1,0,0,0,0] },
                  { "src":17, "tgt":82, "labels":null, "values":[1,0,0,1,1,1,0,0,0,0,1,0,1,0,0,0,0,0,0,1,0,0,0,0] },
                  { "src":48, "tgt":60, "labels":null, "values":[1,1,0,0,1,1,0,0,0,0,1,0,1,0,0,0,0,0,0,1,0,0,0,0] },
                  { "src":2, "tgt":43, "labels":null, "values":[1,1,0,0,1,1,0,0,0,0,1,0,1,0,0,0,0,0,0,1,0,0,0,0] },
                  { "src":48, "tgt":62, "labels":null, "values":[2,1,0,1,2,2,0,0,0,0,2,1,1,0,0,0,0,0,0,2,0,0,0,0] },
                  { "src":99, "tgt":100, "labels":null, "values":[1,0,0,1,1,0,1,0,0,0,1,0,1,0,0,0,0,0,0,1,0,0,0,0] },
                  { "src":36, "tgt":37, "labels":null, "values":[1,0,0,1,1,1,0,0,0,0,1,0,1,0,0,0,0,0,0,1,0,0,0,0] },
                  { "src":14, "tgt":83, "labels":null, "values":[1,0,0,1,1,1,0,0,0,0,1,0,1,0,0,0,0,0,0,1,0,0,0,0] },
                  { "src":2, "tgt":106, "labels":null, "values":[1,1,0,0,1,1,0,0,0,0,1,0,1,0,0,0,0,0,0,1,0,0,0,0] },
                  { "src":23, "tgt":33, "labels":null, "values":[3,2,1,0,3,3,0,0,0,0,3,0,2,0,1,0,0,0,0,3,0,0,0,0] },
                  { "src":27, "tgt":29, "labels":null, "values":[1,0,1,0,1,1,0,0,0,0,1,0,0,0,1,0,0,0,0,1,0,0,0,0] },
                  { "src":3, "tgt":21, "labels":null, "values":[1,0,0,1,1,1,0,0,0,0,1,0,1,0,0,0,0,0,0,1,0,0,0,0] },
                  { "src":33, "tgt":73, "labels":null, "values":[1,0,1,0,1,1,0,0,0,0,1,1,0,0,0,0,0,0,0,1,0,0,0,0] },
                  { "src":59, "tgt":60, "labels":null, "values":[1,1,0,0,1,1,0,0,0,0,1,0,1,0,0,0,0,0,0,1,0,0,0,0] },
                  { "src":28, "tgt":77, "labels":null, "values":[1,0,0,1,1,1,0,0,0,0,1,0,1,0,0,0,0,0,0,1,0,0,0,0] },
                  { "src":17, "tgt":56, "labels":null, "values":[1,0,0,1,1,1,0,0,0,0,1,0,1,0,0,0,0,0,0,1,0,0,0,0] },
                  { "src":0, "tgt":5, "labels":null, "values":[1,1,0,0,1,1,0,0,0,0,1,0,1,0,0,0,0,0,0,1,0,0,0,0] },
                  { "src":18, "tgt":52, "labels":null, "values":[1,1,0,0,1,1,0,0,0,0,1,0,1,0,0,0,0,0,0,1,0,0,0,0] },
                  { "src":4, "tgt":90, "labels":null, "values":[1,0,0,1,1,1,0,0,0,0,1,0,1,0,0,0,0,0,0,1,0,0,0,0] },
                  { "src":1, "tgt":64, "labels":null, "values":[2,1,0,1,2,2,0,0,0,0,2,1,1,0,0,0,0,0,0,2,0,0,0,0] },
                  { "src":5, "tgt":51, "labels":null, "values":[2,1,0,1,2,2,0,0,0,0,2,0,2,0,0,0,0,0,0,2,0,0,0,0] },
                  { "src":57, "tgt":58, "labels":null, "values":[1,1,0,0,1,1,0,0,0,0,1,0,1,0,0,0,0,0,0,1,0,0,0,0] },
                  { "src":11, "tgt":81, "labels":null, "values":[1,0,0,1,1,1,0,0,0,0,1,0,1,0,0,0,0,0,0,1,0,0,0,0] },
                  { "src":0, "tgt":13, "labels":null, "values":[2,1,0,1,2,2,0,0,0,0,2,0,2,0,0,0,0,0,0,2,0,0,0,0] },
                  { "src":2, "tgt":13, "labels":null, "values":[1,1,0,0,1,1,0,0,0,0,1,0,1,0,0,0,0,0,0,1,0,0,0,0] },
                  { "src":2, "tgt":15, "labels":null, "values":[1,0,0,1,1,0,1,0,0,0,1,0,1,0,0,0,0,0,0,1,0,0,0,0] },
                  { "src":7, "tgt":82, "labels":null, "values":[1,0,0,1,1,1,0,0,0,0,1,0,1,0,0,0,0,0,0,1,0,0,0,0] },
                  { "src":0, "tgt":4, "labels":null, "values":[1,1,0,0,1,1,0,0,0,0,1,0,1,0,0,0,0,0,0,1,0,0,0,0] },
                  { "src":27, "tgt":107, "labels":null, "values":[1,1,0,0,1,1,0,0,0,0,1,0,1,0,0,0,0,0,0,1,0,0,0,0] },
                  { "src":4, "tgt":89, "labels":null, "values":[1,0,0,1,1,1,0,0,0,0,1,0,1,0,0,0,0,0,0,1,0,0,0,0] },
                  { "src":5, "tgt":52, "labels":null, "values":[3,2,0,1,3,3,0,0,0,0,3,0,3,0,0,0,0,0,0,3,0,0,0,0] },
                  { "src":53, "tgt":86, "labels":null, "values":[1,0,0,1,1,1,0,0,0,0,1,0,1,0,0,0,0,0,0,1,0,0,0,0] },
                  { "src":47, "tgt":84, "labels":null, "values":[1,0,0,1,1,1,0,0,0,0,1,0,1,0,0,0,0,0,0,1,0,0,0,0] },
                  { "src":36, "tgt":89, "labels":null, "values":[1,0,0,1,1,1,0,0,0,0,1,0,1,0,0,0,0,0,0,1,0,0,0,0] },
                  { "src":1, "tgt":27, "labels":null, "values":[1,1,0,0,1,1,0,0,0,0,1,0,1,0,0,0,0,0,0,1,0,0,0,0] },
                  { "src":3, "tgt":32, "labels":null, "values":[1,0,1,0,1,1,0,0,0,0,1,1,0,0,0,0,0,0,0,1,0,0,0,0] },
                  { "src":56, "tgt":81, "labels":null, "values":[1,0,0,1,1,1,0,0,0,0,1,0,1,0,0,0,0,0,0,1,0,0,0,0] },
                  { "src":2, "tgt":99, "labels":null, "values":[1,0,0,1,1,0,1,0,0,0,1,0,1,0,0,0,0,0,0,1,0,0,0,0] }
           ]
        }
}
