{
"info": { 
       "qtNodos": 16,
       "qtArestas": 30
       },
"nodes" : { 
           "labelTitle": [ "Short Name", "Author Name", "Category", "Research", "Area"],
           "valueTitle": [ "Year last Pub.","Qt Research","Qt Area","Qt Publications","Qt Journals","Qt Books", "Qt Proceedings","Connected Comp.","Edge BetWeenness","Closeness Centrality", "Betweenness Centrality","Degree"],
           "imageTitle": null,
           "dataNodes": [
               { "id":0,"idBD":0, "labels":["Nunes, R. C.","Raul Ceretta Nunes","Participante Externo","Tolerancia a Falhas","SISTEMAS DE COMPUTACAO"],
                           "values":[2004,1,1,1,0,0,1,0,6,0.5385,0.0000,1],"images":null },
               { "id":1,"idBD":1, "labels":["JANSCH-PORTO, I.","Ingrid Eleonora Schreiber Jansch Porto","Docente","Tolerancia a Falhas","SISTEMAS DE COMPUTACAO"],
                           "values":[2004,3,3,3,0,0,3,0,3,1.0000,14.0000,7],"images":null },
               { "id":2,"idBD":2, "labels":["Damas, T. P.","Thiago Pinto Damas","Discente","Tolerancia a Falhas","SISTEMAS DE COMPUTACAO"],
                           "values":[2004,1,1,1,0,0,1,0,2,0.7000,0.0000,4],"images":null },
               { "id":3,"idBD":3, "labels":["FILHO, N. D.","Nelson Duarte Filho","Participante Externo","Tolerancia a Falhas","SISTEMAS DE COMPUTACAO"],
                           "values":[2004,1,1,1,0,0,1,0,2,0.7000,0.0000,4],"images":null },
               { "id":4,"idBD":4, "labels":["GOULART, M. D.","Mario Domenech Goulart","Discente","Tolerancia a Falhas","SISTEMAS DE COMPUTACAO"],
                           "values":[2004,1,1,1,0,0,1,0,1,0.7000,0.0000,4],"images":null },
               { "id":5,"idBD":5, "labels":["JUNIOR, F. L. P.","Fernando Lopes Pedone Junior","Participante Externo","Tolerancia a Falhas","SISTEMAS DE COMPUTACAO"],
                           "values":[2004,1,1,1,0,0,1,0,2,0.7000,0.0000,4],"images":null },
               { "id":6,"idBD":6, "labels":["Buligon, C.","Clairton Buligon","Discente","Tolerancia a Falhas","SISTEMAS DE COMPUTACAO"],
                           "values":[2004,1,1,1,0,0,1,0,8,0.5833,0.0000,2],"images":null },
               { "id":7,"idBD":7, "labels":["Cechin, S. L. C.","Sergio Luis Cechin","Participante Externo","Tolerancia a Falhas","SISTEMAS DE COMPUTACAO"],
                           "values":[2004,1,1,1,0,0,1,0,8,0.5833,0.0000,2],"images":null },
               { "id":8,"idBD":153, "labels":["SILVA, G. J.","Gabriela Jacques da Silva","Discente","Tolerancia a Falhas","SISTEMAS DE COMPUTACAO"],
                           "values":[2004,2,2,2,0,0,2,1,0,0.7778,2.0000,5],"images":null },
               { "id":9,"idBD":155, "labels":["Drebes, R. J.","Roberto Jung Drebes","Discente","Tolerancia a Falhas","SISTEMAS DE COMPUTACAO"],
                           "values":[2004,2,2,2,0,0,2,1,5,0.7778,2.0000,5],"images":null },
               { "id":10,"idBD":157, "labels":["GERCHMAN, J.","Julio Gerchman","Participante Externo","Tolerancia a Falhas","SISTEMAS DE COMPUTACAO"],
                           "values":[2004,1,1,1,0,0,1,1,4,0.6364,0.0000,3],"images":null },
               { "id":11,"idBD":159, "labels":["WEBER, T. S.","Taisy Silva Weber","Docente","Tolerancia a Falhas","SISTEMAS DE COMPUTACAO"],
                           "values":[2004,3,3,3,0,0,3,1,0,1.0000,8.0000,7],"images":null },
               { "id":12,"idBD":168, "labels":["MORAES, R. L. O.","Regina Lucia de O. Moraes","Participante Externo","Tolerancia a Falhas","SISTEMAS DE COMPUTACAO"],
                           "values":[2004,1,1,1,0,0,1,1,0,0.6364,0.0000,3],"images":null },
               { "id":13,"idBD":171, "labels":["Martins, E.","Eliane Martins","Participante Externo","Tolerancia a Falhas","SISTEMAS DE COMPUTACAO"],
                           "values":[2004,1,1,1,0,0,1,1,0,0.6364,0.0000,3],"images":null },
               { "id":14,"idBD":180, "labels":["PASIN, M.","MARCIA PASIN","Participante Externo","Tolerancia a Falhas","SISTEMAS DE COMPUTACAO"],
                           "values":[2004,1,1,1,0,0,1,1,7,0.6364,0.0000,3],"images":null },
               { "id":15,"idBD":183, "labels":["RIVEILL, M.","Michel Riveill","Participante Externo","Tolerancia a Falhas","SISTEMAS DE COMPUTACAO"],
                           "values":[2004,1,1,1,0,0,1,1,5,0.6364,0.0000,3],"images":null }
           ]
        },
      "edges" : { 
           "labelTitle": null,
           "valueTitle": [ "Qt Publications","Qt Journals","Qt Books", "Qt Proceedings","2004",
                          "English","Portuguese","Spanish","German","French",
                          "Tolerancia a falhas",
                          "Natureza N.I.","Trabalho Completo","Resumo","Cap�tulo","Texto Integral","Resumo Expandido","Outro",
                          "Area N.I.","Sistemas de Computacao","Sistemas de Informacao","Inteligencia Artificial","Eng. da Computacao","Informatica Te�rica"],
           "dataEdges": [
                  { "src":1, "tgt":3, "labels":null, "values":[1,0,0,1,1,1,0,0,0,0,1,0,1,0,0,0,0,0,0,1,0,0,0,0] },
                  { "src":2, "tgt":4, "labels":null, "values":[1,0,0,1,1,1,0,0,0,0,1,0,1,0,0,0,0,0,0,1,0,0,0,0] },
                  { "src":14, "tgt":15, "labels":null, "values":[1,0,0,1,1,1,0,0,0,0,1,1,0,0,0,0,0,0,0,1,0,0,0,0] },
                  { "src":1, "tgt":5, "labels":null, "values":[1,0,0,1,1,1,0,0,0,0,1,0,1,0,0,0,0,0,0,1,0,0,0,0] },
                  { "src":10, "tgt":11, "labels":null, "values":[1,0,0,1,1,1,0,0,0,0,1,1,0,0,0,0,0,0,0,1,0,0,0,0] },
                  { "src":11, "tgt":14, "labels":null, "values":[1,0,0,1,1,1,0,0,0,0,1,1,0,0,0,0,0,0,0,1,0,0,0,0] },
                  { "src":8, "tgt":13, "labels":null, "values":[1,0,0,1,1,0,1,0,0,0,1,0,1,0,0,0,0,0,0,1,0,0,0,0] },
                  { "src":1, "tgt":6, "labels":null, "values":[1,0,0,1,1,0,1,0,0,0,1,0,1,0,0,0,0,0,0,1,0,0,0,0] },
                  { "src":0, "tgt":1, "labels":null, "values":[1,0,0,1,1,1,0,0,0,0,1,0,1,0,0,0,0,0,0,1,0,0,0,0] },
                  { "src":8, "tgt":10, "labels":null, "values":[1,0,0,1,1,1,0,0,0,0,1,1,0,0,0,0,0,0,0,1,0,0,0,0] },
                  { "src":1, "tgt":2, "labels":null, "values":[1,0,0,1,1,1,0,0,0,0,1,0,1,0,0,0,0,0,0,1,0,0,0,0] },
                  { "src":3, "tgt":4, "labels":null, "values":[1,0,0,1,1,1,0,0,0,0,1,0,1,0,0,0,0,0,0,1,0,0,0,0] },
                  { "src":11, "tgt":15, "labels":null, "values":[1,0,0,1,1,1,0,0,0,0,1,1,0,0,0,0,0,0,0,1,0,0,0,0] },
                  { "src":8, "tgt":11, "labels":null, "values":[2,0,0,2,2,1,1,0,0,0,2,1,1,0,0,0,0,0,0,2,0,0,0,0] },
                  { "src":9, "tgt":11, "labels":null, "values":[2,0,0,2,2,2,0,0,0,0,2,2,0,0,0,0,0,0,0,2,0,0,0,0] },
                  { "src":11, "tgt":13, "labels":null, "values":[1,0,0,1,1,0,1,0,0,0,1,0,1,0,0,0,0,0,0,1,0,0,0,0] },
                  { "src":1, "tgt":4, "labels":null, "values":[1,0,0,1,1,1,0,0,0,0,1,0,1,0,0,0,0,0,0,1,0,0,0,0] },
                  { "src":2, "tgt":5, "labels":null, "values":[1,0,0,1,1,1,0,0,0,0,1,0,1,0,0,0,0,0,0,1,0,0,0,0] },
                  { "src":3, "tgt":5, "labels":null, "values":[1,0,0,1,1,1,0,0,0,0,1,0,1,0,0,0,0,0,0,1,0,0,0,0] },
                  { "src":11, "tgt":12, "labels":null, "values":[1,0,0,1,1,0,1,0,0,0,1,0,1,0,0,0,0,0,0,1,0,0,0,0] },
                  { "src":9, "tgt":14, "labels":null, "values":[1,0,0,1,1,1,0,0,0,0,1,1,0,0,0,0,0,0,0,1,0,0,0,0] },
                  { "src":4, "tgt":5, "labels":null, "values":[1,0,0,1,1,1,0,0,0,0,1,0,1,0,0,0,0,0,0,1,0,0,0,0] },
                  { "src":2, "tgt":3, "labels":null, "values":[1,0,0,1,1,1,0,0,0,0,1,0,1,0,0,0,0,0,0,1,0,0,0,0] },
                  { "src":8, "tgt":12, "labels":null, "values":[1,0,0,1,1,0,1,0,0,0,1,0,1,0,0,0,0,0,0,1,0,0,0,0] },
                  { "src":12, "tgt":13, "labels":null, "values":[1,0,0,1,1,0,1,0,0,0,1,0,1,0,0,0,0,0,0,1,0,0,0,0] },
                  { "src":1, "tgt":7, "labels":null, "values":[1,0,0,1,1,0,1,0,0,0,1,0,1,0,0,0,0,0,0,1,0,0,0,0] },
                  { "src":6, "tgt":7, "labels":null, "values":[1,0,0,1,1,0,1,0,0,0,1,0,1,0,0,0,0,0,0,1,0,0,0,0] },
                  { "src":8, "tgt":9, "labels":null, "values":[1,0,0,1,1,1,0,0,0,0,1,1,0,0,0,0,0,0,0,1,0,0,0,0] },
                  { "src":9, "tgt":15, "labels":null, "values":[1,0,0,1,1,1,0,0,0,0,1,1,0,0,0,0,0,0,0,1,0,0,0,0] },
                  { "src":9, "tgt":10, "labels":null, "values":[1,0,0,1,1,1,0,0,0,0,1,1,0,0,0,0,0,0,0,1,0,0,0,0] }
           ]
        }
}
